filename,label,brightness,green_ratio,hue_mean,saturation_mean,edge_density,color_variance,entropy
Healthy(1).jpg,nan,0.49653,0.423891,0.287009,0.492806,0.219886,0.052748,0.908312
Healthy(10).jpg,nan,0.491412,0.473719,0.298625,0.545821,0.238037,0.058248,0.911747
Healthy(100).jpg,nan,0.527663,0.430821,0.297626,0.406893,0.238525,0.062902,0.94208
Healthy(101).jpg,nan,0.515596,0.43476,0.284643,0.442877,0.248352,0.060645,0.939787
Healthy(102).jpg,nan,0.544717,0.414428,0.33146,0.363681,0.122375,0.047328,0.915338
Healthy(103).jpg,nan,0.478604,0.448231,0.288921,0.475623,0.28717,0.065889,0.940644
Healthy(104).jpg,nan,0.496763,0.429115,0.353473,0.460216,0.270081,0.06416,0.941078
Healthy(105).jpg,nan,0.470602,0.444963,0.330942,0.459385,0.290039,0.062658,0.938352
Healthy(106).jpg,nan,0.519343,0.39088,0.350129,0.330839,0.210002,0.055542,0.919755
Healthy(107).jpg,nan,0.535109,0.384582,0.457948,0.421081,0.119568,0.037265,0.858972
Healthy(108).jpg,nan,0.526087,0.397054,0.325796,0.425588,0.142761,0.03616,0.869478
Healthy(109).jpg,nan,0.485254,0.421284,0.393663,0.483362,0.149475,0.045704,0.918838
Healthy(11).jpg,nan,0.503452,0.455937,0.278243,0.561511,0.207773,0.05495,0.890857
Healthy(110).jpg,nan,0.485083,0.413487,0.374576,0.475501,0.146301,0.04176,0.898408
Healthy(111).jpg,nan,0.52151,0.40642,0.366797,0.453741,0.188904,0.054823,0.918119
Healthy(112).jpg,nan,0.46369,0.423265,0.387306,0.525046,0.218506,0.053798,0.914268
Healthy(113).jpg,nan,0.554681,0.396597,0.345901,0.434066,0.206604,0.055585,0.911532
Healthy(114).jpg,nan,0.498879,0.413934,0.373763,0.443548,0.157471,0.043814,0.905438
Healthy(115).jpg,nan,0.517168,0.408596,0.381273,0.445043,0.187927,0.046325,0.901508
Healthy(116).jpg,nan,0.470999,0.440295,0.386052,0.498487,0.291443,0.065611,0.936924
Healthy(117).jpg,nan,0.485659,0.403707,0.37574,0.442806,0.255066,0.055809,0.920542
Healthy(118).jpg,nan,0.471896,0.443656,0.383526,0.526854,0.228699,0.058901,0.921208
Healthy(119).jpg,nan,0.506691,0.410508,0.29198,0.369886,0.235168,0.044485,0.894545
Healthy(12).jpg,nan,0.473635,0.486507,0.285112,0.602463,0.214966,0.059189,0.921153
Healthy(120).jpg,nan,0.496634,0.415914,0.306917,0.412561,0.232971,0.046701,0.907011
Healthy(121).jpg,nan,0.521154,0.396806,0.337272,0.368844,0.22168,0.046922,0.904953
Healthy(122).jpg,nan,0.515575,0.389048,0.416441,0.376779,0.172754,0.048256,0.906201
Healthy(123).jpg,nan,0.518405,0.373934,0.38531,0.285918,0.167163,0.035847,0.891364
Healthy(124).jpg,nan,0.532013,0.38507,0.393458,0.350331,0.127625,0.035306,0.864529
Healthy(125).jpg,nan,0.525235,0.357016,0.416794,0.210009,0.185018,0.03496,0.885211
Healthy(126).jpg,nan,0.52232,0.381927,0.377328,0.302428,0.168622,0.033471,0.890938
Healthy(127).jpg,nan,0.530877,0.384694,0.382322,0.359441,0.155107,0.03223,0.87459
Healthy(128).jpg,nan,0.520758,0.37821,0.388686,0.323117,0.188975,0.033797,0.884397
Healthy(129).jpg,nan,0.492958,0.356116,0.428245,0.19513,0.182467,0.024767,0.86455
Healthy(13).jpg,nan,0.473158,0.491511,0.286598,0.580268,0.240234,0.059647,0.925238
Healthy(130).jpg,nan,0.529565,0.375458,0.388381,0.295584,0.198248,0.035101,0.868628
Healthy(131).jpg,nan,0.508799,0.365511,0.420694,0.269013,0.185221,0.028461,0.872807
Healthy(132).jpg,nan,0.491337,0.35745,0.426927,0.20752,0.136529,0.027483,0.855806
Healthy(133).jpg,nan,0.511564,0.401588,0.2923,0.377736,0.22637,0.049254,0.882102
Healthy(134).jpg,nan,0.523094,0.374103,0.381658,0.298069,0.197808,0.044866,0.908366
Healthy(135).jpg,nan,0.482946,0.384904,0.434917,0.359402,0.177307,0.03319,0.873771
Healthy(136).jpg,nan,0.528518,0.362776,0.38791,0.217338,0.177817,0.034208,0.894129
Healthy(137).jpg,nan,0.584214,0.401024,0.31699,0.363666,0.185547,0.04858,0.906948
Healthy(138).jpg,nan,0.549087,0.387878,0.357646,0.33038,0.129089,0.038184,0.883342
Healthy(139).jpg,nan,0.533513,0.401071,0.338449,0.339457,0.186951,0.034874,0.884062
Healthy(14).jpg,nan,0.486993,0.460084,0.269923,0.60444,0.212463,0.053876,0.90056
Healthy(140).jpg,nan,0.546897,0.400657,0.370678,0.360638,0.140649,0.043953,0.886735
Healthy(141).jpg,nan,0.515044,0.393403,0.433218,0.413057,0.129573,0.036992,0.866927
Healthy(142).jpg,nan,0.575449,0.375122,0.422173,0.312275,0.149283,0.032629,0.849901
Healthy(143).jpg,nan,0.570933,0.368548,0.369418,0.251777,0.171773,0.03621,0.894472
Healthy(144).jpg,nan,0.558271,0.372364,0.420624,0.291477,0.138475,0.030358,0.890502
Healthy(145).jpg,nan,0.593409,0.371724,0.439943,0.284153,0.104625,0.039216,0.895053
Healthy(146).jpg,nan,0.517757,0.375542,0.338112,0.330188,0.189844,0.043215,0.895211
Healthy(147).jpg,nan,0.542154,0.379824,0.373637,0.3579,0.136054,0.030977,0.847786
Healthy(148).jpg,nan,0.545073,0.37357,0.393939,0.304547,0.168476,0.042815,0.897417
Healthy(149).jpg,nan,0.429227,0.522168,0.297348,0.593563,0.227032,0.077386,0.940759
Healthy(15).jpg,nan,0.473893,0.470531,0.283914,0.581452,0.202332,0.058483,0.916231
Healthy(150).jpg,nan,0.503807,0.444889,0.353799,0.488126,0.223328,0.054579,0.918042
Healthy(151).jpg,nan,0.441443,0.459478,0.354699,0.574964,0.212717,0.05681,0.923346
Healthy(152).jpg,nan,0.464572,0.481958,0.364641,0.553635,0.198303,0.061207,0.913438
Healthy(153).jpg,nan,0.471164,0.459099,0.365584,0.569399,0.224487,0.057947,0.905311
Healthy(154).jpg,nan,0.445823,0.455291,0.351837,0.524002,0.221741,0.045796,0.903848
Healthy(155).jpg,nan,0.442176,0.464936,0.357431,0.587118,0.182495,0.057009,0.924476
Healthy(156).jpg,nan,0.49969,0.427406,0.388797,0.564117,0.119983,0.039789,0.887324
Healthy(157).jpg,nan,0.434738,0.484826,0.318684,0.552049,0.258784,0.063334,0.929365
Healthy(158).jpg,nan,0.462323,0.492503,0.303845,0.573608,0.231314,0.063945,0.915707
Healthy(159).jpg,nan,0.481369,0.429866,0.354463,0.460451,0.164613,0.04963,0.919965
Healthy(16).jpg,nan,0.481707,0.44895,0.26429,0.543186,0.237132,0.065097,0.942568
Healthy(160).jpg,nan,0.477836,0.459918,0.349276,0.563178,0.165599,0.053933,0.900552
Healthy(161).jpg,nan,0.438863,0.47039,0.2999,0.530424,0.264421,0.053955,0.912129
Healthy(162).jpg,nan,0.445319,0.47,0.354931,0.507537,0.237766,0.065614,0.940703
Healthy(163).jpg,nan,0.459033,0.432008,0.348153,0.441819,0.229301,0.050075,0.920034
Healthy(164).jpg,nan,0.486775,0.452576,0.330197,0.455773,0.227844,0.060147,0.93939
Healthy(165).jpg,nan,0.464905,0.435535,0.361292,0.46501,0.199951,0.050849,0.925041
Healthy(166).jpg,nan,0.381395,0.460938,0.334143,0.521205,0.26416,0.055684,0.904593
Healthy(167).jpg,nan,0.470117,0.447851,0.355125,0.476971,0.250732,0.061364,0.935463
Healthy(168).jpg,nan,0.450047,0.474296,0.345302,0.54494,0.241959,0.059415,0.915939
Healthy(169).jpg,nan,0.46788,0.450447,0.357628,0.50645,0.239441,0.059566,0.925073
Healthy(17).jpg,nan,0.497762,0.429125,0.287575,0.511341,0.174133,0.04901,0.910697
Healthy(170).jpg,nan,0.573042,0.412012,0.276152,0.396239,0.186462,0.042965,0.8987
Healthy(171).jpg,nan,0.527988,0.427499,0.292018,0.435372,0.169128,0.043542,0.865941
Healthy(172).jpg,nan,0.47818,0.440968,0.305707,0.466544,0.188416,0.046558,0.882736
Healthy(173).jpg,nan,0.498075,0.468951,0.305465,0.508551,0.189819,0.056953,0.921607
Healthy(174).jpg,nan,0.469037,0.467298,0.291641,0.510117,0.165588,0.052948,0.908903
Healthy(175).jpg,nan,0.460605,0.444621,0.280234,0.467673,0.174988,0.048507,0.895746
Healthy(176).jpg,nan,0.523826,0.430282,0.301236,0.412669,0.131348,0.046419,0.902633
Healthy(177).jpg,nan,0.480727,0.448434,0.322284,0.485189,0.147034,0.04433,0.902558
Healthy(178).jpg,nan,0.483523,0.464894,0.315568,0.483453,0.23999,0.05549,0.917922
Healthy(179).jpg,nan,0.512453,0.427277,0.315577,0.441555,0.135547,0.037083,0.870989
Healthy(18).jpg,nan,0.487187,0.438216,0.270119,0.519417,0.235885,0.06365,0.931116
Healthy(180).jpg,nan,0.461352,0.46695,0.335504,0.52331,0.219116,0.055171,0.907005
Healthy(181).jpg,nan,0.483904,0.450045,0.316152,0.468159,0.184082,0.043955,0.887192
Healthy(182).jpg,nan,0.482691,0.460976,0.321099,0.50041,0.187195,0.049673,0.897555
Healthy(183).jpg,nan,0.458981,0.495509,0.335111,0.553565,0.2724,0.06199,0.92332
Healthy(184).jpg,nan,0.489342,0.450697,0.341403,0.497642,0.217163,0.057985,0.919445
Healthy(185).jpg,nan,0.473757,0.477068,0.327028,0.511341,0.249329,0.057863,0.915026
Healthy(186).jpg,nan,0.458923,0.493244,0.329596,0.542718,0.259644,0.056859,0.920583
Healthy(187).jpg,nan,0.494308,0.489126,0.339137,0.546894,0.194824,0.063497,0.936536
Healthy(188).jpg,nan,0.450425,0.466897,0.353188,0.549414,0.235229,0.056387,0.91639
Healthy(189).jpg,nan,0.503339,0.444275,0.332733,0.486349,0.192078,0.053209,0.905378
Healthy(19).jpg,nan,0.483935,0.455627,0.284597,0.541641,0.24585,0.06498,0.93992
Healthy(190).jpg,nan,0.55315,0.40152,0.339041,0.373853,0.173798,0.040836,0.888821
Healthy(191).jpg,nan,0.451094,0.453923,0.345325,0.54691,0.208557,0.052724,0.899494
Healthy(192).jpg,nan,0.512739,0.431186,0.342753,0.43803,0.185852,0.047227,0.896288
Healthy(193).jpg,nan,0.460578,0.425156,0.363459,0.471836,0.174452,0.040021,0.886577
Healthy(194).jpg,nan,0.482956,0.467869,0.305934,0.498922,0.197754,0.053827,0.916782
Healthy(195).jpg,nan,0.451165,0.474571,0.345573,0.525746,0.228577,0.062593,0.936079
Healthy(196).jpg,nan,0.37965,0.485269,0.344821,0.587031,0.265808,0.053809,0.904187
Healthy(197).jpg,nan,0.438224,0.507691,0.324035,0.568683,0.239319,0.063167,0.927973
Healthy(198).jpg,nan,0.437426,0.493835,0.322437,0.548346,0.253867,0.059079,0.92456
Healthy(199).jpg,nan,0.472084,0.462786,0.337557,0.5135,0.196533,0.053143,0.916698
Healthy(2).jpg,nan,0.499929,0.470638,0.276194,0.542701,0.294345,0.062217,0.932491
Healthy(20).jpg,nan,0.472145,0.451875,0.285848,0.55471,0.215942,0.055736,0.926304
Healthy(200).jpg,nan,0.454428,0.480954,0.328964,0.587601,0.180077,0.063679,0.922929
Healthy(201).jpg,nan,0.37433,0.491928,0.323852,0.631135,0.227616,0.064228,0.935031
Healthy(202).jpg,nan,0.470961,0.467202,0.35843,0.565401,0.233032,0.060765,0.931636
Healthy(203).jpg,nan,0.456669,0.48819,0.341195,0.590864,0.241699,0.06413,0.939416
Healthy(204).jpg,nan,0.459259,0.468942,0.341695,0.556539,0.216431,0.058492,0.9321
Healthy(205).jpg,nan,0.472123,0.439522,0.345062,0.50212,0.188843,0.047217,0.893995
Healthy(206).jpg,nan,0.476044,0.431981,0.308453,0.478301,0.204956,0.049032,0.908016
Healthy(207).jpg,nan,0.442757,0.499082,0.345275,0.607275,0.199158,0.058425,0.928705
Healthy(208).jpg,nan,0.521146,0.436797,0.383364,0.504051,0.151001,0.051861,0.898421
Healthy(209).jpg,nan,0.52791,0.400332,0.282012,0.355205,0.196533,0.033094,0.863792
Healthy(21).jpg,nan,0.47688,0.432133,0.272243,0.529872,0.191796,0.056759,0.926785
Healthy(210).jpg,nan,0.539599,0.399105,0.329903,0.355216,0.224033,0.036372,0.896874
Healthy(211).jpg,nan,0.507192,0.419726,0.354759,0.409562,0.19656,0.03956,0.892765
Healthy(212).jpg,nan,0.543219,0.38889,0.358732,0.403821,0.188657,0.038081,0.884596
Healthy(213).jpg,nan,0.542794,0.394838,0.346532,0.380395,0.275956,0.058532,0.927177
Healthy(214).jpg,nan,0.468548,0.424147,0.370817,0.490622,0.245507,0.052568,0.913786
Healthy(215).jpg,nan,0.465852,0.420214,0.342224,0.479161,0.259624,0.052705,0.933291
Healthy(216).jpg,nan,0.473648,0.426213,0.395773,0.486871,0.245885,0.056132,0.921065
Healthy(217).jpg,nan,0.524438,0.382021,0.355475,0.323067,0.256936,0.061094,0.943882
Healthy(218).jpg,nan,0.561623,0.384358,0.367003,0.304794,0.207243,0.055409,0.922946
Healthy(219).jpg,nan,0.538963,0.426347,0.329631,0.428404,0.238361,0.055531,0.922221
Healthy(22).jpg,nan,0.454876,0.465239,0.291018,0.527367,0.256042,0.055579,0.930181
Healthy(220).jpg,nan,0.567919,0.392223,0.382345,0.354166,0.215675,0.059452,0.935061
Healthy(221).jpg,nan,0.584643,0.402057,0.35274,0.368874,0.151123,0.043563,0.888874
Healthy(222).jpg,nan,0.574464,0.390239,0.363783,0.319853,0.190769,0.054963,0.911211
Healthy(223).jpg,nan,0.556903,0.397127,0.378289,0.361095,0.206844,0.061258,0.931417
Healthy(224).jpg,nan,0.63347,0.376865,0.450369,0.384576,0.091921,0.035606,0.793935
Healthy(225).jpg,nan,0.614547,0.351864,0.4308,0.179886,0.130254,0.031939,0.876878
Healthy(226).jpg,nan,0.570912,0.35836,0.30785,0.217627,0.17121,0.046242,0.906413
Healthy(227).jpg,nan,0.574951,0.348933,0.443019,0.164444,0.111244,0.017153,0.824285
Healthy(228).jpg,nan,0.620532,0.353545,0.408398,0.190906,0.085206,0.024433,0.846927
Healthy(23).jpg,nan,0.45868,0.46236,0.288296,0.579566,0.201416,0.055434,0.918452
Healthy(24).jpg,nan,0.539412,0.430535,0.274591,0.512319,0.184937,0.057034,0.922993
Healthy(25).jpg,nan,0.481757,0.455103,0.301695,0.549468,0.201458,0.054256,0.91687
Healthy(26).jpg,nan,0.479099,0.43462,0.282818,0.484458,0.254639,0.054292,0.911832
Healthy(27).jpg,nan,0.530168,0.444025,0.258686,0.539308,0.206604,0.053108,0.895189
Healthy(28).jpg,nan,0.4805,0.47185,0.29284,0.542245,0.257996,0.053844,0.896611
Healthy(29).jpg,nan,0.567114,0.415147,0.272227,0.427848,0.179626,0.046544,0.892923
Healthy(3).jpg,nan,0.504283,0.505622,0.262124,0.685691,0.238403,0.066891,0.907239
Healthy(30).jpg,nan,0.490447,0.448318,0.254238,0.532597,0.253723,0.059875,0.918725
Healthy(31).jpg,nan,0.533353,0.434725,0.266947,0.496074,0.224365,0.054966,0.901018
Healthy(32).jpg,nan,0.411176,0.40851,0.327178,0.375086,0.135376,0.021742,0.799887
Healthy(33).jpg,nan,0.51954,0.387022,0.325236,0.290508,0.122681,0.025498,0.830061
Healthy(34).jpg,nan,0.413153,0.419067,0.313674,0.413245,0.1521,0.029426,0.859747
Healthy(35).jpg,nan,0.49653,0.423891,0.287009,0.492806,0.219886,0.052748,0.908312
Healthy(36).jpg,nan,0.499929,0.470638,0.276194,0.542701,0.294345,0.062217,0.932491
Healthy(37).jpg,nan,0.504283,0.505622,0.262124,0.685691,0.238403,0.066891,0.907239
Healthy(38).jpg,nan,0.494608,0.435751,0.294181,0.493177,0.212478,0.05531,0.922577
Healthy(39).jpg,nan,0.484424,0.443831,0.275177,0.546437,0.224196,0.055818,0.909881
Healthy(4).jpg,nan,0.494608,0.435751,0.294181,0.493177,0.212478,0.05531,0.922577
Healthy(40).jpg,nan,0.498299,0.46601,0.284884,0.538904,0.237244,0.063748,0.931328
Healthy(41).jpg,nan,0.518494,0.453501,0.283831,0.48739,0.250671,0.062855,0.9338
Healthy(42).jpg,nan,0.472318,0.504122,0.293588,0.596404,0.242859,0.067118,0.940785
Healthy(43).jpg,nan,0.514377,0.449234,0.291031,0.49501,0.209717,0.05156,0.894873
Healthy(44).jpg,nan,0.491412,0.473719,0.298625,0.545821,0.238037,0.058248,0.911747
Healthy(45).jpg,nan,0.503452,0.455937,0.278243,0.561511,0.207773,0.05495,0.890857
Healthy(46).jpg,nan,0.473635,0.486507,0.285112,0.602463,0.214966,0.059189,0.921153
Healthy(47).jpg,nan,0.473158,0.491511,0.286598,0.580268,0.240234,0.059647,0.925238
Healthy(48).jpg,nan,0.486993,0.460084,0.269923,0.60444,0.212463,0.053876,0.90056
Healthy(49).jpg,nan,0.473893,0.470531,0.283914,0.581452,0.202332,0.058483,0.916231
Healthy(5).jpg,nan,0.484424,0.443831,0.275177,0.546437,0.224196,0.055818,0.909881
Healthy(50).jpg,nan,0.481707,0.44895,0.26429,0.543186,0.237132,0.065097,0.942568
Healthy(51).jpg,nan,0.497762,0.429125,0.287575,0.511341,0.174133,0.04901,0.910697
Healthy(52).jpg,nan,0.487187,0.438216,0.270119,0.519417,0.235885,0.06365,0.931116
Healthy(53).jpg,nan,0.483935,0.455627,0.284597,0.541641,0.24585,0.06498,0.93992
Healthy(54).jpg,nan,0.472145,0.451875,0.285848,0.55471,0.215942,0.055736,0.926304
Healthy(55).jpg,nan,0.47688,0.432133,0.272243,0.529872,0.191796,0.056759,0.926785
Healthy(56).jpg,nan,0.454876,0.465239,0.291018,0.527367,0.256042,0.055579,0.930181
Healthy(57).jpg,nan,0.45868,0.46236,0.288296,0.579566,0.201416,0.055434,0.918452
Healthy(58).jpg,nan,0.539412,0.430535,0.274591,0.512319,0.184937,0.057034,0.922993
Healthy(59).jpg,nan,0.481757,0.455103,0.301695,0.549468,0.201458,0.054256,0.91687
Healthy(6).jpg,nan,0.498299,0.46601,0.284884,0.538904,0.237244,0.063748,0.931328
Healthy(60).jpg,nan,0.479099,0.43462,0.282818,0.484458,0.254639,0.054292,0.911832
Healthy(61).jpg,nan,0.530168,0.444025,0.258686,0.539308,0.206604,0.053108,0.895189
Healthy(62).jpg,nan,0.4805,0.47185,0.29284,0.542245,0.257996,0.053844,0.896611
Healthy(63).jpg,nan,0.567114,0.415147,0.272227,0.427848,0.179626,0.046544,0.892923
Healthy(64).jpg,nan,0.490447,0.448318,0.254238,0.532597,0.253723,0.059875,0.918725
Healthy(65).jpg,nan,0.533353,0.434725,0.266947,0.496074,0.224365,0.054966,0.901018
Healthy(66).jpg,nan,0.537638,0.35121,0.404327,0.139077,0.158701,0.023892,0.863878
Healthy(67).jpg,nan,0.525303,0.416206,0.288303,0.402844,0.158875,0.048526,0.894086
Healthy(68).jpg,nan,0.576494,0.351099,0.429102,0.140481,0.082533,0.016346,0.835427
Healthy(69).jpg,nan,0.511349,0.417199,0.305301,0.409725,0.177185,0.04272,0.902514
Healthy(7).jpg,nan,0.518494,0.453501,0.283831,0.48739,0.250671,0.062855,0.9338
Healthy(70).jpg,nan,0.574747,0.409443,0.282435,0.399611,0.163203,0.05153,0.883814
Healthy(71).jpg,nan,0.528091,0.41936,0.313433,0.443887,0.157673,0.050025,0.903562
Healthy(72).jpg,nan,0.517129,0.441371,0.307442,0.447677,0.179932,0.053647,0.917489
Healthy(73).jpg,nan,0.529871,0.432267,0.328717,0.437347,0.211622,0.051446,0.92252
Healthy(74).jpg,nan,0.517482,0.441521,0.345221,0.444911,0.250545,0.062104,0.933087
Healthy(75).jpg,nan,0.521206,0.418205,0.358819,0.445161,0.247183,0.059299,0.91007
Healthy(76).jpg,nan,0.49718,0.431124,0.377952,0.465044,0.260439,0.057431,0.915862
Healthy(77).jpg,nan,0.53843,0.396062,0.36363,0.345273,0.256922,0.066727,0.953629
Healthy(78).jpg,nan,0.50287,0.417648,0.342774,0.42033,0.248052,0.054975,0.930666
Healthy(79).jpg,nan,0.533435,0.402213,0.30937,0.39945,0.24585,0.049911,0.908718
Healthy(8).jpg,nan,0.472318,0.504122,0.293588,0.596404,0.242859,0.067118,0.940785
Healthy(80).jpg,nan,0.509945,0.433198,0.290575,0.408255,0.269653,0.058324,0.925456
Healthy(81).jpg,nan,0.525167,0.405019,0.275072,0.38109,0.240005,0.06052,0.930068
Healthy(82).jpg,nan,0.552692,0.39374,0.355997,0.337986,0.148022,0.036374,0.873353
Healthy(83).jpg,nan,0.528756,0.416206,0.315888,0.399843,0.14563,0.04138,0.883982
Healthy(84).jpg,nan,0.585657,0.374568,0.408809,0.291063,0.151919,0.035193,0.884039
Healthy(85).jpg,nan,0.576838,0.355871,0.429834,0.18332,0.117103,0.029487,0.877926
Healthy(86).jpg,nan,0.534422,0.401958,0.317874,0.370979,0.168335,0.037023,0.887895
Healthy(87).jpg,nan,0.483434,0.437032,0.331337,0.47223,0.216431,0.050028,0.908101
Healthy(88).jpg,nan,0.506126,0.395216,0.273267,0.434473,0.257816,0.053654,0.893066
Healthy(89).jpg,nan,0.477712,0.447953,0.297537,0.541008,0.20338,0.05265,0.90972
Healthy(9).jpg,nan,0.514377,0.449234,0.291031,0.49501,0.209717,0.05156,0.894873
Healthy(90).jpg,nan,0.55699,0.415786,0.26569,0.415719,0.1474,0.038775,0.873013
Healthy(91).jpg,nan,0.490614,0.430034,0.30708,0.438812,0.200806,0.055272,0.933342
Healthy(92).jpg,nan,0.519302,0.410702,0.313829,0.374095,0.198547,0.049965,0.902444
Healthy(93).jpg,nan,0.471964,0.427864,0.304434,0.435092,0.151367,0.042934,0.914815
Healthy(94).jpg,nan,0.442117,0.443004,0.285047,0.522231,0.174787,0.05843,0.931717
Healthy(95).jpg,nan,0.461702,0.441735,0.295327,0.495685,0.142761,0.045799,0.881544
Healthy(96).jpg,nan,0.509557,0.40263,0.282031,0.370198,0.256894,0.06426,0.951253
Healthy(97).jpg,nan,0.52743,0.403241,0.307723,0.364883,0.226048,0.061674,0.940253
Healthy(98).jpg,nan,0.535873,0.420591,0.309906,0.41916,0.221863,0.066208,0.946699
Healthy(99).jpg,nan,0.526671,0.426061,0.300096,0.411419,0.17804,0.049788,0.924188
RingSpot(1).jpg,nan,0.474391,0.405845,0.235646,0.448119,0.112061,0.031956,0.853523
RingSpot(10).jpg,nan,0.487321,0.433228,0.194642,0.716644,0.123779,0.051435,0.849595
RingSpot(100).jpg,nan,0.519961,0.424036,0.19666,0.663802,0.075026,0.047017,0.815428
RingSpot(101).jpg,nan,0.46196,0.433058,0.218281,0.615772,0.099426,0.03347,0.815897
RingSpot(102).jpg,nan,0.504661,0.444711,0.21137,0.670974,0.088928,0.041273,0.826972
RingSpot(103).jpg,nan,0.534069,0.438616,0.211683,0.627734,0.062988,0.035187,0.765498
RingSpot(104).jpg,nan,0.478915,0.434194,0.215484,0.616815,0.098999,0.038039,0.861722
RingSpot(105).jpg,nan,0.491216,0.410943,0.210126,0.537267,0.105303,0.035924,0.846771
RingSpot(106).jpg,nan,0.45746,0.430647,0.220269,0.55664,0.110922,0.04322,0.866609
RingSpot(107).jpg,nan,0.526672,0.414253,0.209798,0.535712,0.095747,0.029929,0.801598
RingSpot(108).jpg,nan,0.484272,0.432484,0.217357,0.595582,0.0849,0.034014,0.835121
RingSpot(109).jpg,nan,0.489707,0.437496,0.21849,0.605439,0.06189,0.03499,0.836113
RingSpot(11).jpg,nan,0.487791,0.429438,0.217586,0.592113,0.105896,0.053077,0.904092
RingSpot(110).jpg,nan,0.477839,0.432832,0.211503,0.627666,0.1026,0.039259,0.85539
RingSpot(111).jpg,nan,0.50425,0.448972,0.208301,0.698112,0.055603,0.037387,0.79031
RingSpot(112).jpg,nan,0.523641,0.437116,0.207953,0.668216,0.077454,0.037999,0.790943
RingSpot(113).jpg,nan,0.534904,0.434918,0.205081,0.65513,0.064575,0.037194,0.789303
RingSpot(114).jpg,nan,0.516038,0.44293,0.215543,0.634727,0.06665,0.037012,0.834615
RingSpot(115).jpg,nan,0.515235,0.444473,0.208907,0.686589,0.066895,0.03888,0.813511
RingSpot(116).jpg,nan,0.538911,0.430441,0.190406,0.685913,0.052917,0.044393,0.798344
RingSpot(117).jpg,nan,0.523271,0.434405,0.199248,0.655348,0.061035,0.035705,0.778357
RingSpot(118).jpg,nan,0.533194,0.439515,0.202473,0.651996,0.050476,0.034609,0.74971
RingSpot(119).jpg,nan,0.521815,0.427542,0.194448,0.656752,0.054626,0.036575,0.780137
RingSpot(12).jpg,nan,0.473398,0.436082,0.226096,0.630971,0.121887,0.046243,0.88216
RingSpot(120).jpg,nan,0.540188,0.428307,0.199646,0.638583,0.058232,0.038576,0.774583
RingSpot(121).jpg,nan,0.529623,0.433272,0.201096,0.654133,0.069153,0.035663,0.770972
RingSpot(122).jpg,nan,0.511839,0.451087,0.213344,0.669154,0.051514,0.034101,0.755282
RingSpot(123).jpg,nan,0.493718,0.440166,0.211555,0.669017,0.087402,0.041833,0.849058
RingSpot(124).jpg,nan,0.507992,0.437022,0.212856,0.645074,0.079651,0.040616,0.85554
RingSpot(125).jpg,nan,0.497105,0.440611,0.213156,0.646797,0.09259,0.035806,0.787543
RingSpot(126).jpg,nan,0.491414,0.428498,0.209095,0.625335,0.119851,0.03883,0.824994
RingSpot(127).jpg,nan,0.522357,0.423602,0.201033,0.611514,0.070862,0.038327,0.817217
RingSpot(128).jpg,nan,0.519337,0.432702,0.197883,0.662939,0.078926,0.040698,0.803187
RingSpot(129).jpg,nan,0.499309,0.450118,0.209397,0.691775,0.072144,0.03867,0.799908
RingSpot(13).jpg,nan,0.49833,0.427388,0.218643,0.570356,0.152088,0.044848,0.880152
RingSpot(130).jpg,nan,0.526158,0.451676,0.20475,0.72402,0.059082,0.04668,0.812275
RingSpot(131).jpg,nan,0.495194,0.453397,0.208651,0.703777,0.068047,0.04235,0.835038
RingSpot(132).jpg,nan,0.503217,0.450096,0.210455,0.668597,0.054595,0.041248,0.780981
RingSpot(133).jpg,nan,0.489685,0.446669,0.208526,0.692175,0.075012,0.040966,0.810617
RingSpot(134).jpg,nan,0.502952,0.446251,0.203742,0.683624,0.078641,0.051331,0.851456
RingSpot(135).jpg,nan,0.51577,0.446535,0.208538,0.693414,0.094116,0.049416,0.851213
RingSpot(136).jpg,nan,0.514865,0.420768,0.216521,0.560107,0.082703,0.032786,0.824778
RingSpot(137).jpg,nan,0.529777,0.414272,0.217886,0.522684,0.075134,0.034554,0.829494
RingSpot(138).jpg,nan,0.513561,0.427422,0.22142,0.598636,0.106934,0.033598,0.805831
RingSpot(139).jpg,nan,0.476938,0.421254,0.224216,0.548989,0.098755,0.033807,0.857174
RingSpot(14).jpg,nan,0.460697,0.432355,0.221629,0.596575,0.118958,0.049781,0.889759
RingSpot(140).jpg,nan,0.440945,0.438328,0.224858,0.619025,0.086975,0.037201,0.852964
RingSpot(141).jpg,nan,0.425871,0.440219,0.217796,0.632394,0.050232,0.049845,0.868971
RingSpot(142).jpg,nan,0.49534,0.426571,0.216032,0.597392,0.04126,0.038237,0.853264
RingSpot(143).jpg,nan,0.499399,0.431159,0.208054,0.640135,0.076294,0.040179,0.848365
RingSpot(144).jpg,nan,0.527289,0.413492,0.209074,0.54855,0.100647,0.039403,0.862189
RingSpot(145).jpg,nan,0.494825,0.426253,0.214421,0.585127,0.099976,0.034368,0.836573
RingSpot(146).jpg,nan,0.47529,0.439764,0.21441,0.664188,0.162659,0.045671,0.858101
RingSpot(147).jpg,nan,0.460291,0.434221,0.210924,0.632896,0.135681,0.045707,0.859676
RingSpot(148).jpg,nan,0.478351,0.415748,0.224478,0.530925,0.093933,0.035156,0.852466
RingSpot(149).jpg,nan,0.507079,0.424211,0.229375,0.550386,0.070801,0.041139,0.864613
RingSpot(15).jpg,nan,0.469401,0.435473,0.223654,0.627664,0.114563,0.049636,0.907223
RingSpot(150).jpg,nan,0.490652,0.4259,0.269306,0.490349,0.139545,0.033762,0.839164
RingSpot(151).jpg,nan,0.496364,0.434424,0.209865,0.633729,0.086243,0.043016,0.823172
RingSpot(152).jpg,nan,0.492938,0.410223,0.283687,0.432224,0.128463,0.032741,0.845291
RingSpot(153).jpg,nan,0.471998,0.444594,0.229911,0.615312,0.062496,0.033922,0.804195
RingSpot(154).jpg,nan,0.486346,0.414802,0.298615,0.414514,0.109127,0.034767,0.881475
RingSpot(155).jpg,nan,0.446883,0.444762,0.22269,0.624057,0.08478,0.038835,0.826299
RingSpot(156).jpg,nan,0.561633,0.404854,0.29098,0.398712,0.072476,0.033245,0.851702
RingSpot(157).jpg,nan,0.524034,0.406517,0.305024,0.405169,0.108705,0.029206,0.839625
RingSpot(158).jpg,nan,0.517021,0.421216,0.217879,0.558407,0.069763,0.033211,0.832587
RingSpot(159).jpg,nan,0.511905,0.4283,0.229212,0.557872,0.077271,0.030735,0.832402
RingSpot(16).jpg,nan,0.527566,0.415993,0.200141,0.598425,0.079128,0.040364,0.850076
RingSpot(160).jpg,nan,0.502728,0.404766,0.212706,0.514419,0.107605,0.029123,0.824303
RingSpot(161).jpg,nan,0.517996,0.430959,0.301109,0.437746,0.113281,0.031739,0.874231
RingSpot(162).jpg,nan,0.518083,0.431183,0.294479,0.454963,0.140144,0.036554,0.861645
RingSpot(163).jpg,nan,0.531444,0.422395,0.306363,0.413264,0.120911,0.023488,0.808129
RingSpot(164).jpg,nan,0.505941,0.404417,0.231936,0.439507,0.049291,0.026867,0.80885
RingSpot(165).jpg,nan,0.503613,0.411557,0.291829,0.406652,0.11122,0.024169,0.825213
RingSpot(166).jpg,nan,0.536568,0.409649,0.285148,0.422306,0.127799,0.032235,0.858357
RingSpot(167).jpg,nan,0.522724,0.413293,0.273999,0.439255,0.120091,0.034304,0.844258
RingSpot(168).jpg,nan,0.52276,0.411825,0.275589,0.41882,0.10887,0.026543,0.813766
RingSpot(169).jpg,nan,0.520534,0.425363,0.250476,0.541123,0.17421,0.037921,0.856216
RingSpot(17).jpg,nan,0.509601,0.442812,0.21416,0.656584,0.053711,0.037045,0.802509
RingSpot(170).jpg,nan,0.517444,0.41268,0.284692,0.404926,0.095604,0.027271,0.826691
RingSpot(171).jpg,nan,0.520771,0.401914,0.285261,0.414005,0.140738,0.033199,0.870484
RingSpot(172).jpg,nan,0.514043,0.436753,0.250021,0.542663,0.166152,0.039892,0.851342
RingSpot(173).jpg,nan,0.496852,0.421151,0.22448,0.540451,0.09436,0.026061,0.764041
RingSpot(174).jpg,nan,0.50045,0.424147,0.232966,0.509034,0.073364,0.023106,0.726502
RingSpot(175).jpg,nan,0.469353,0.433804,0.223806,0.595847,0.127197,0.032379,0.831869
RingSpot(176).jpg,nan,0.503648,0.422417,0.293487,0.451467,0.132404,0.031504,0.835677
RingSpot(177).jpg,nan,0.511222,0.406673,0.224389,0.477349,0.099304,0.025991,0.826087
RingSpot(178).jpg,nan,0.500276,0.404661,0.228325,0.457424,0.08388,0.024508,0.818569
RingSpot(179).jpg,nan,0.539838,0.413637,0.303461,0.380511,0.08551,0.021588,0.808212
RingSpot(18).jpg,nan,0.526096,0.426298,0.199361,0.630259,0.075857,0.040336,0.837475
RingSpot(180).jpg,nan,0.513146,0.418236,0.298783,0.453854,0.145104,0.03267,0.848325
RingSpot(181).jpg,nan,0.490422,0.416075,0.217974,0.530277,0.102986,0.028395,0.816839
RingSpot(182).jpg,nan,0.477926,0.42342,0.215089,0.577831,0.092163,0.031777,0.81481
RingSpot(183).jpg,nan,0.432996,0.449155,0.269522,0.587159,0.143127,0.048259,0.87963
RingSpot(184).jpg,nan,0.498622,0.421058,0.214552,0.559666,0.087524,0.029953,0.822983
RingSpot(185).jpg,nan,0.50901,0.418595,0.212316,0.544004,0.073608,0.027681,0.794123
RingSpot(186).jpg,nan,0.493064,0.425306,0.230154,0.540589,0.088074,0.03462,0.819492
RingSpot(187).jpg,nan,0.472018,0.427152,0.231575,0.552325,0.106382,0.031312,0.817441
RingSpot(188).jpg,nan,0.469211,0.438272,0.225121,0.581796,0.095276,0.035653,0.842628
RingSpot(189).jpg,nan,0.506106,0.422441,0.274813,0.472405,0.133897,0.03606,0.846211
RingSpot(19).jpg,nan,0.528361,0.442113,0.204672,0.662598,0.038524,0.036635,0.768251
RingSpot(190).jpg,nan,0.519109,0.429189,0.294374,0.466868,0.140748,0.035515,0.839804
RingSpot(191).jpg,nan,0.518531,0.429433,0.270682,0.498656,0.157517,0.036729,0.848969
RingSpot(192).jpg,nan,0.506855,0.436423,0.285498,0.498627,0.162111,0.038224,0.836841
RingSpot(193).jpg,nan,0.492893,0.408163,0.233727,0.475213,0.098206,0.026935,0.814497
RingSpot(194).jpg,nan,0.49585,0.39685,0.223824,0.461722,0.102402,0.027606,0.829263
RingSpot(195).jpg,nan,0.537609,0.416559,0.296115,0.414978,0.107526,0.033262,0.827701
RingSpot(196).jpg,nan,0.497525,0.407289,0.228092,0.473076,0.071899,0.023984,0.79758
RingSpot(197).jpg,nan,0.547079,0.421726,0.261295,0.480904,0.141384,0.035531,0.833429
RingSpot(198).jpg,nan,0.530988,0.415021,0.264914,0.446953,0.125787,0.031282,0.823611
RingSpot(199).jpg,nan,0.530295,0.412379,0.277629,0.409149,0.100647,0.026386,0.821988
RingSpot(2).jpg,nan,0.514076,0.403775,0.244344,0.419639,0.081848,0.024588,0.823934
RingSpot(20).jpg,nan,0.488665,0.435697,0.210481,0.628211,0.090393,0.03818,0.824468
RingSpot(200).jpg,nan,0.512395,0.417445,0.251087,0.482125,0.147838,0.036156,0.862992
RingSpot(201).jpg,nan,0.470467,0.453397,0.279229,0.536839,0.088867,0.032805,0.833692
RingSpot(202).jpg,nan,0.484365,0.420208,0.215317,0.584499,0.130493,0.038077,0.853413
RingSpot(203).jpg,nan,0.480597,0.433377,0.265485,0.500678,0.099976,0.035455,0.853977
RingSpot(204).jpg,nan,0.481978,0.433281,0.277684,0.49114,0.092006,0.033545,0.8466
RingSpot(205).jpg,nan,0.514774,0.430148,0.263024,0.508056,0.120187,0.036174,0.857243
RingSpot(206).jpg,nan,0.509988,0.429643,0.271491,0.503105,0.149059,0.036804,0.849359
RingSpot(207).jpg,nan,0.522283,0.41425,0.280827,0.412045,0.107788,0.02859,0.842905
RingSpot(208).jpg,nan,0.497259,0.415395,0.280885,0.437146,0.112121,0.037209,0.865211
RingSpot(209).jpg,nan,0.472679,0.441029,0.276404,0.495552,0.10791,0.038034,0.867527
RingSpot(21).jpg,nan,0.506314,0.432069,0.209493,0.640115,0.09678,0.044594,0.86393
RingSpot(210).jpg,nan,0.491644,0.421918,0.227997,0.531784,0.095764,0.027446,0.798857
RingSpot(211).jpg,nan,0.523702,0.409649,0.295807,0.395257,0.113181,0.039141,0.860532
RingSpot(212).jpg,nan,0.483084,0.420092,0.234398,0.504477,0.071245,0.022359,0.776761
RingSpot(213).jpg,nan,0.514364,0.445135,0.28577,0.499024,0.158752,0.049974,0.892617
RingSpot(214).jpg,nan,0.498002,0.414592,0.234978,0.484331,0.081798,0.02725,0.799289
RingSpot(215).jpg,nan,0.504132,0.411323,0.231878,0.486494,0.08591,0.026116,0.814815
RingSpot(216).jpg,nan,0.498924,0.421321,0.230617,0.517431,0.077637,0.02455,0.77076
RingSpot(217).jpg,nan,0.486975,0.412861,0.225363,0.504714,0.086161,0.027444,0.787694
RingSpot(218).jpg,nan,0.476023,0.436927,0.242748,0.547435,0.07019,0.02916,0.775239
RingSpot(219).jpg,nan,0.492591,0.430246,0.231839,0.544127,0.090881,0.027924,0.814405
RingSpot(22).jpg,nan,0.483025,0.428218,0.222543,0.580135,0.072571,0.039763,0.84522
RingSpot(220).jpg,nan,0.48175,0.430181,0.235331,0.538647,0.074036,0.026179,0.814932
RingSpot(221).jpg,nan,0.479021,0.413005,0.226759,0.472491,0.098633,0.032706,0.862264
RingSpot(222).jpg,nan,0.439346,0.420797,0.227756,0.528485,0.128662,0.037024,0.880719
RingSpot(223).jpg,nan,0.502009,0.434363,0.2739,0.503077,0.126147,0.032817,0.840608
RingSpot(224).jpg,nan,0.512308,0.442843,0.25372,0.546834,0.088428,0.031568,0.812017
RingSpot(225).jpg,nan,0.512239,0.446038,0.242808,0.603909,0.083923,0.037715,0.842444
RingSpot(226).jpg,nan,0.517566,0.41702,0.232435,0.515429,0.087891,0.039512,0.862707
RingSpot(227).jpg,nan,0.508078,0.441733,0.252904,0.548189,0.087785,0.041222,0.852338
RingSpot(228).jpg,nan,0.528815,0.407712,0.231816,0.458723,0.097582,0.031062,0.831113
RingSpot(229).jpg,nan,0.481186,0.440487,0.245004,0.553504,0.084404,0.035675,0.847428
RingSpot(23).jpg,nan,0.513204,0.437355,0.21056,0.649312,0.072998,0.037659,0.836616
RingSpot(230).jpg,nan,0.518683,0.40577,0.262668,0.407452,0.107037,0.02611,0.821087
RingSpot(231).jpg,nan,0.483972,0.442335,0.239659,0.574983,0.06488,0.038323,0.856175
RingSpot(232).jpg,nan,0.533136,0.41154,0.252985,0.445452,0.118805,0.024688,0.806409
RingSpot(233).jpg,nan,0.490996,0.421807,0.222554,0.526863,0.118652,0.044796,0.874162
RingSpot(234).jpg,nan,0.530511,0.407327,0.251872,0.441409,0.119724,0.033636,0.859092
RingSpot(235).jpg,nan,0.491498,0.422067,0.229519,0.538973,0.105774,0.045492,0.888609
RingSpot(236).jpg,nan,0.531904,0.414328,0.286282,0.400559,0.076304,0.024607,0.785873
RingSpot(237).jpg,nan,0.514773,0.415705,0.29456,0.415673,0.115713,0.027583,0.828189
RingSpot(238).jpg,nan,0.5329,0.420805,0.268129,0.465174,0.107515,0.025966,0.794318
RingSpot(239).jpg,nan,0.498833,0.420068,0.218942,0.554491,0.096191,0.034562,0.852948
RingSpot(24).jpg,nan,0.511602,0.441668,0.20243,0.701781,0.069214,0.04769,0.844427
RingSpot(240).jpg,nan,0.523071,0.416831,0.303944,0.41569,0.123981,0.028354,0.824812
RingSpot(241).jpg,nan,0.51197,0.425509,0.29527,0.415255,0.103136,0.023447,0.81526
RingSpot(242).jpg,nan,0.543199,0.405271,0.291709,0.391893,0.11814,0.024903,0.788535
RingSpot(243).jpg,nan,0.520944,0.414737,0.264119,0.449944,0.10422,0.038051,0.867514
RingSpot(244).jpg,nan,0.525534,0.412811,0.268337,0.445239,0.121007,0.040065,0.890557
RingSpot(245).jpg,nan,0.48917,0.426865,0.249545,0.482316,0.06366,0.020258,0.751661
RingSpot(246).jpg,nan,0.525079,0.413386,0.239904,0.501589,0.105164,0.043976,0.872027
RingSpot(247).jpg,nan,0.513185,0.422581,0.253865,0.511922,0.132996,0.034991,0.834866
RingSpot(248).jpg,nan,0.530983,0.413844,0.289674,0.400185,0.092871,0.029135,0.834427
RingSpot(249).jpg,nan,0.517685,0.423438,0.307006,0.425729,0.091625,0.030048,0.823678
RingSpot(25).jpg,nan,0.512067,0.441312,0.201083,0.700417,0.067566,0.047702,0.845916
RingSpot(250).jpg,nan,0.520224,0.433456,0.294467,0.464348,0.089131,0.028435,0.79636
RingSpot(251).jpg,nan,0.538595,0.421101,0.292243,0.425841,0.083876,0.027806,0.784609
RingSpot(252).jpg,nan,0.443931,0.456102,0.288531,0.485358,0.082379,0.033985,0.791704
RingSpot(253).jpg,nan,0.508085,0.424823,0.249773,0.501966,0.119757,0.03638,0.842024
RingSpot(254).jpg,nan,0.519493,0.428896,0.259191,0.51308,0.139353,0.042003,0.870647
RingSpot(255).jpg,nan,0.455638,0.440991,0.24163,0.591873,0.183883,0.04819,0.886846
RingSpot(256).jpg,nan,0.458685,0.434422,0.240547,0.571907,0.148926,0.043976,0.894445
RingSpot(257).jpg,nan,0.459476,0.439805,0.274178,0.512125,0.173035,0.041378,0.875467
RingSpot(258).jpg,nan,0.510049,0.421908,0.272854,0.456065,0.137687,0.04611,0.887196
RingSpot(259).jpg,nan,0.504483,0.387716,0.201574,0.442861,0.103748,0.033735,0.86008
RingSpot(26).jpg,nan,0.530808,0.424683,0.203289,0.61001,0.073364,0.035888,0.792325
RingSpot(260).jpg,nan,0.463467,0.413166,0.209594,0.550364,0.117493,0.046053,0.893801
RingSpot(261).jpg,nan,0.50563,0.423844,0.224381,0.54415,0.058777,0.027386,0.794778
RingSpot(262).jpg,nan,0.516354,0.418931,0.208518,0.588803,0.083984,0.037503,0.843954
RingSpot(263).jpg,nan,0.486037,0.430651,0.209798,0.662966,0.125916,0.043145,0.86351
RingSpot(264).jpg,nan,0.510026,0.403842,0.230288,0.448541,0.062378,0.021526,0.798109
RingSpot(265).jpg,nan,0.488923,0.407461,0.206915,0.543817,0.133047,0.048552,0.909403
RingSpot(266).jpg,nan,0.482565,0.412294,0.210835,0.545497,0.091168,0.035755,0.847723
RingSpot(267).jpg,nan,0.526437,0.410581,0.205452,0.551783,0.134644,0.041454,0.865444
RingSpot(268).jpg,nan,0.519111,0.419775,0.205461,0.587517,0.086487,0.035898,0.815733
RingSpot(269).jpg,nan,0.507485,0.434899,0.199542,0.692813,0.085848,0.043214,0.828301
RingSpot(27).jpg,nan,0.497258,0.440664,0.218213,0.645778,0.069458,0.035391,0.792493
RingSpot(270).jpg,nan,0.511348,0.430869,0.20306,0.646656,0.090332,0.042745,0.848983
RingSpot(271).jpg,nan,0.513608,0.425915,0.205383,0.646596,0.122131,0.041727,0.847411
RingSpot(272).jpg,nan,0.513252,0.425812,0.194101,0.674105,0.087524,0.047814,0.866842
RingSpot(273).jpg,nan,0.491508,0.424391,0.197084,0.663203,0.114929,0.049105,0.881572
RingSpot(274).jpg,nan,0.502861,0.402395,0.177506,0.576064,0.107235,0.036563,0.84703
RingSpot(275).jpg,nan,0.514688,0.427898,0.198866,0.647104,0.070068,0.04311,0.857953
RingSpot(276).jpg,nan,0.49833,0.420455,0.174952,0.737028,0.116194,0.051958,0.850542
RingSpot(277).jpg,nan,0.490003,0.4083,0.164483,0.697194,0.158752,0.0528,0.882745
RingSpot(278).jpg,nan,0.510117,0.412794,0.193337,0.605024,0.114146,0.037899,0.839598
RingSpot(279).jpg,nan,0.509278,0.408587,0.173373,0.631015,0.132385,0.04242,0.835789
RingSpot(28).jpg,nan,0.491596,0.430669,0.217431,0.62183,0.114969,0.034341,0.818638
RingSpot(280).jpg,nan,0.502926,0.414915,0.198649,0.588959,0.110352,0.045493,0.863656
RingSpot(281).jpg,nan,0.461974,0.451728,0.209662,0.739748,0.133081,0.049045,0.865508
RingSpot(282).jpg,nan,0.522709,0.414759,0.179634,0.641621,0.125549,0.046289,0.853514
RingSpot(283).jpg,nan,0.533768,0.421654,0.193249,0.62468,0.073669,0.041759,0.847312
RingSpot(284).jpg,nan,0.54524,0.430687,0.199054,0.641347,0.104492,0.04903,0.858717
RingSpot(285).jpg,nan,0.532119,0.414026,0.186317,0.611434,0.07843,0.036162,0.807917
RingSpot(286).jpg,nan,0.536131,0.419573,0.199584,0.628438,0.131897,0.046148,0.836541
RingSpot(287).jpg,nan,0.527597,0.410127,0.195637,0.568013,0.085938,0.045446,0.863625
RingSpot(288).jpg,nan,0.525365,0.429436,0.198755,0.658612,0.095154,0.042144,0.83217
RingSpot(289).jpg,nan,0.542853,0.425125,0.191884,0.665109,0.106323,0.041963,0.810899
RingSpot(29).jpg,nan,0.493188,0.424789,0.206335,0.626215,0.149475,0.041089,0.836115
RingSpot(290).jpg,nan,0.540778,0.429452,0.198776,0.669848,0.109009,0.049949,0.846533
RingSpot(291).jpg,nan,0.525261,0.418955,0.202888,0.592609,0.080872,0.040613,0.840065
RingSpot(292).jpg,nan,0.536863,0.417101,0.199385,0.594808,0.083496,0.040732,0.851991
RingSpot(293).jpg,nan,0.509891,0.409349,0.197553,0.554433,0.109627,0.04311,0.87028
RingSpot(294).jpg,nan,0.527382,0.412185,0.184074,0.630457,0.124146,0.047043,0.86488
RingSpot(295).jpg,nan,0.540798,0.407338,0.183689,0.604062,0.103985,0.040769,0.833908
RingSpot(296).jpg,nan,0.519374,0.419659,0.205057,0.590054,0.105896,0.043027,0.8728
RingSpot(297).jpg,nan,0.535533,0.412706,0.197682,0.573833,0.075012,0.035891,0.814752
RingSpot(298).jpg,nan,0.501916,0.414032,0.190153,0.646973,0.122314,0.050723,0.889251
RingSpot(299).jpg,nan,0.492382,0.438529,0.193317,0.714561,0.117798,0.060428,0.914341
RingSpot(3).jpg,nan,0.458383,0.4089,0.232751,0.45241,0.09082,0.031353,0.830738
RingSpot(30).jpg,nan,0.474346,0.437447,0.226045,0.601493,0.154907,0.053214,0.897369
RingSpot(300).jpg,nan,0.490526,0.440166,0.199534,0.697957,0.114746,0.049905,0.898113
RingSpot(301).jpg,nan,0.523,0.430014,0.200965,0.65656,0.098999,0.047056,0.872791
RingSpot(302).jpg,nan,0.500319,0.414947,0.186735,0.622101,0.149617,0.049149,0.882615
RingSpot(303).jpg,nan,0.525144,0.424317,0.199037,0.66002,0.119995,0.045933,0.849702
RingSpot(304).jpg,nan,0.522471,0.41936,0.200709,0.589249,0.077576,0.040687,0.819587
RingSpot(305).jpg,nan,0.520605,0.398356,0.20405,0.485289,0.086731,0.031726,0.824249
RingSpot(306).jpg,nan,0.536092,0.413217,0.207699,0.542636,0.135925,0.047898,0.886081
RingSpot(307).jpg,nan,0.522011,0.387481,0.192744,0.443803,0.067993,0.031011,0.840705
RingSpot(308).jpg,nan,0.528512,0.38871,0.19364,0.445573,0.07959,0.029978,0.85899
RingSpot(309).jpg,nan,0.519719,0.393182,0.195909,0.45981,0.072327,0.028905,0.839303
RingSpot(31).jpg,nan,0.470226,0.432028,0.219523,0.602232,0.171143,0.053839,0.891871
RingSpot(310).jpg,nan,0.534593,0.381499,0.193069,0.393938,0.060913,0.021261,0.79976
RingSpot(311).jpg,nan,0.540551,0.387936,0.194886,0.419026,0.056335,0.020158,0.800713
RingSpot(312).jpg,nan,0.546054,0.388209,0.18624,0.458366,0.069702,0.02692,0.799179
RingSpot(313).jpg,nan,0.549359,0.38921,0.189058,0.454907,0.059362,0.02158,0.758664
RingSpot(314).jpg,nan,0.543353,0.399765,0.198339,0.488499,0.046448,0.025916,0.76488
RingSpot(315).jpg,nan,0.545213,0.397593,0.198709,0.492247,0.062622,0.028902,0.806659
RingSpot(316).jpg,nan,0.553402,0.391069,0.196781,0.447871,0.0495,0.021973,0.75671
RingSpot(317).jpg,nan,0.508798,0.405934,0.207126,0.5017,0.067932,0.028803,0.781271
RingSpot(318).jpg,nan,0.519491,0.418535,0.206934,0.609061,0.115662,0.044005,0.853059
RingSpot(319).jpg,nan,0.521223,0.411435,0.207731,0.532338,0.113586,0.035282,0.834926
RingSpot(32).jpg,nan,0.489228,0.41293,0.224763,0.509991,0.178604,0.041341,0.870796
RingSpot(320).jpg,nan,0.485802,0.418673,0.208653,0.570372,0.065918,0.03539,0.854215
RingSpot(321).jpg,nan,0.496217,0.39262,0.208838,0.414713,0.048954,0.022722,0.791733
RingSpot(322).jpg,nan,0.514711,0.388924,0.206285,0.41851,0.06897,0.023972,0.816632
RingSpot(323).jpg,nan,0.533535,0.402569,0.203394,0.491321,0.082642,0.035799,0.849303
RingSpot(324).jpg,nan,0.539312,0.387302,0.208231,0.39435,0.056439,0.016025,0.758384
RingSpot(325).jpg,nan,0.53661,0.382146,0.202563,0.379866,0.045715,0.015395,0.785673
RingSpot(326).jpg,nan,0.54552,0.428943,0.197739,0.65433,0.073242,0.043194,0.82981
RingSpot(327).jpg,nan,0.536588,0.417779,0.204781,0.565213,0.058105,0.026823,0.757471
RingSpot(328).jpg,nan,0.52106,0.429075,0.211405,0.618326,0.083069,0.04036,0.814097
RingSpot(329).jpg,nan,0.502768,0.410084,0.22132,0.498714,0.074829,0.028026,0.834722
RingSpot(33).jpg,nan,0.430939,0.415655,0.216718,0.526697,0.115845,0.043154,0.897015
RingSpot(330).jpg,nan,0.535309,0.416774,0.207012,0.544823,0.0672,0.02702,0.767183
RingSpot(331).jpg,nan,0.519471,0.407752,0.202889,0.54756,0.084717,0.031186,0.807054
RingSpot(332).jpg,nan,0.537244,0.394637,0.204389,0.441136,0.051147,0.018797,0.770905
RingSpot(333).jpg,nan,0.510811,0.404879,0.206384,0.517724,0.079529,0.03047,0.83525
RingSpot(334).jpg,nan,0.510811,0.404879,0.206384,0.517724,0.079529,0.03047,0.83525
RingSpot(335).jpg,nan,0.532082,0.396177,0.222034,0.419871,0.061096,0.022485,0.819217
RingSpot(336).jpg,nan,0.536005,0.421512,0.192473,0.633229,0.078857,0.044588,0.813104
RingSpot(337).jpg,nan,0.506222,0.412843,0.192197,0.617567,0.136475,0.044551,0.862921
RingSpot(338).jpg,nan,0.520149,0.414952,0.205014,0.585151,0.099121,0.037172,0.842072
RingSpot(339).jpg,nan,0.531915,0.415905,0.2077,0.565426,0.087524,0.038349,0.849093
RingSpot(34).jpg,nan,0.462299,0.438688,0.226323,0.58429,0.085815,0.049787,0.864271
RingSpot(340).jpg,nan,0.516094,0.412046,0.201592,0.568857,0.054595,0.033256,0.787782
RingSpot(341).jpg,nan,0.491308,0.408232,0.24516,0.427771,0.068787,0.021761,0.787975
RingSpot(342).jpg,nan,0.499073,0.406794,0.23677,0.46292,0.089334,0.022655,0.794322
RingSpot(343).jpg,nan,0.501216,0.403285,0.204125,0.520348,0.058716,0.030255,0.843621
RingSpot(344).jpg,nan,0.502125,0.407755,0.217803,0.490734,0.073317,0.023316,0.803439
RingSpot(345).jpg,nan,0.515875,0.394216,0.197829,0.486327,0.087402,0.027196,0.822407
RingSpot(346).jpg,nan,0.502776,0.42265,0.194543,0.601994,0.06855,0.043832,0.853371
RingSpot(347).jpg,nan,0.49311,0.422489,0.201573,0.621484,0.115808,0.047534,0.888857
RingSpot(348).jpg,nan,0.507452,0.422216,0.200384,0.618751,0.14105,0.047404,0.87692
RingSpot(349).jpg,nan,0.511078,0.420389,0.202957,0.594212,0.08517,0.041591,0.860788
RingSpot(35).jpg,nan,0.44271,0.459032,0.228347,0.689627,0.080383,0.047078,0.875475
RingSpot(350).jpg,nan,0.505112,0.407647,0.198096,0.578369,0.136281,0.048963,0.891082
RingSpot(351).jpg,nan,0.512769,0.413494,0.185128,0.62178,0.125422,0.048684,0.877769
RingSpot(352).jpg,nan,0.526816,0.420529,0.194123,0.638254,0.111206,0.049843,0.871044
RingSpot(353).jpg,nan,0.508649,0.417863,0.189735,0.64298,0.146916,0.054398,0.885397
RingSpot(354).jpg,nan,0.523356,0.427138,0.196777,0.654874,0.112183,0.047961,0.855158
RingSpot(355).jpg,nan,0.507151,0.394514,0.174305,0.538603,0.137695,0.04094,0.868753
RingSpot(356).jpg,nan,0.52326,0.41052,0.190286,0.569719,0.117676,0.044702,0.866544
RingSpot(357).jpg,nan,0.495631,0.412352,0.211403,0.548383,0.121264,0.034793,0.835207
RingSpot(358).jpg,nan,0.483826,0.408176,0.172882,0.640933,0.202579,0.049212,0.884593
RingSpot(359).jpg,nan,0.514508,0.407904,0.187288,0.586706,0.129028,0.043,0.860512
RingSpot(36).jpg,nan,0.46593,0.449403,0.22464,0.651535,0.057129,0.036276,0.821572
RingSpot(360).jpg,nan,0.521379,0.406983,0.185431,0.581856,0.13208,0.043126,0.863163
RingSpot(361).jpg,nan,0.524832,0.425826,0.202002,0.642723,0.117397,0.043285,0.824977
RingSpot(362).jpg,nan,0.485652,0.436338,0.209271,0.657443,0.151733,0.050523,0.867485
RingSpot(363).jpg,nan,0.471496,0.428819,0.207708,0.652149,0.158875,0.051469,0.889085
RingSpot(364).jpg,nan,0.524354,0.409237,0.194175,0.573947,0.083923,0.03211,0.810965
RingSpot(365).jpg,nan,0.522814,0.411334,0.197301,0.586529,0.092041,0.035185,0.805369
RingSpot(366).jpg,nan,0.519975,0.400641,0.185359,0.558469,0.078308,0.032657,0.821702
RingSpot(367).jpg,nan,0.513348,0.411732,0.185001,0.603675,0.096909,0.036813,0.830145
RingSpot(368).jpg,nan,0.505118,0.418144,0.195062,0.617388,0.114699,0.036794,0.831969
RingSpot(369).jpg,nan,0.543501,0.410848,0.188078,0.578963,0.094482,0.037305,0.82576
RingSpot(37).jpg,nan,0.516579,0.405874,0.290911,0.3735,0.092963,0.030426,0.866315
RingSpot(370).jpg,nan,0.513462,0.422723,0.20041,0.621862,0.099304,0.046027,0.844284
RingSpot(371).jpg,nan,0.445113,0.429941,0.219224,0.607082,0.125305,0.043603,0.866711
RingSpot(372).jpg,nan,0.51085,0.406589,0.210293,0.519598,0.093322,0.033106,0.831054
RingSpot(373).jpg,nan,0.496072,0.392699,0.211309,0.434427,0.095947,0.023659,0.812369
RingSpot(374).jpg,nan,0.490473,0.412653,0.20679,0.548438,0.081253,0.033057,0.852355
RingSpot(375).jpg,nan,0.467184,0.413134,0.233408,0.499424,0.129761,0.043907,0.893471
RingSpot(376).jpg,nan,0.450335,0.418827,0.204673,0.547171,0.220093,0.054533,0.928484
RingSpot(377).jpg,nan,0.423012,0.403075,0.232811,0.473099,0.134276,0.04132,0.914618
RingSpot(378).jpg,nan,0.486354,0.430683,0.223165,0.583187,0.087708,0.038429,0.851127
RingSpot(379).jpg,nan,0.455201,0.423535,0.241991,0.493964,0.088684,0.038589,0.855427
RingSpot(38).jpg,nan,0.514577,0.434864,0.209917,0.638691,0.065796,0.033174,0.771229
RingSpot(380).jpg,nan,0.484812,0.421026,0.243704,0.496331,0.104248,0.030234,0.84625
RingSpot(381).jpg,nan,0.469952,0.426374,0.246692,0.506668,0.12439,0.038038,0.892943
RingSpot(382).jpg,nan,0.459767,0.424786,0.241875,0.524467,0.111084,0.044565,0.896704
RingSpot(383).jpg,nan,0.560999,0.414799,0.251095,0.445232,0.146696,0.043435,0.885059
RingSpot(384).jpg,nan,0.585302,0.43031,0.235992,0.534623,0.086825,0.038814,0.83246
RingSpot(385).jpg,nan,0.49651,0.398319,0.42379,0.424329,0.15863,0.03619,0.867254
RingSpot(386).jpg,nan,0.477366,0.412429,0.398947,0.454577,0.122498,0.035018,0.856901
RingSpot(387).jpg,nan,0.52358,0.390503,0.395859,0.358578,0.128742,0.035867,0.867105
RingSpot(388).jpg,nan,0.502841,0.399603,0.354682,0.358694,0.099495,0.032653,0.874949
RingSpot(389).jpg,nan,0.431317,0.432694,0.281307,0.473794,0.213871,0.070946,0.950763
RingSpot(39).jpg,nan,0.496403,0.446099,0.2116,0.678713,0.077148,0.039389,0.805336
RingSpot(390).jpg,nan,0.43618,0.432262,0.285076,0.453798,0.215558,0.067102,0.954859
RingSpot(391).jpg,nan,0.426458,0.433024,0.283208,0.476595,0.154663,0.039801,0.857459
RingSpot(392).jpg,nan,0.393849,0.469663,0.318436,0.562329,0.186646,0.053746,0.905506
RingSpot(393).jpg,nan,0.401586,0.474111,0.310752,0.63487,0.109497,0.044946,0.881691
RingSpot(394).jpg,nan,0.396529,0.480142,0.330512,0.608145,0.163622,0.063052,0.93121
RingSpot(395).jpg,nan,0.418402,0.463806,0.3371,0.540781,0.175537,0.048636,0.901374
RingSpot(396).jpg,nan,0.496544,0.446143,0.333138,0.474895,0.092529,0.036337,0.876078
RingSpot(397).jpg,nan,0.404693,0.450022,0.332575,0.563341,0.140198,0.058613,0.9238
RingSpot(398).jpg,nan,0.396416,0.444949,0.313362,0.530349,0.183594,0.039257,0.871812
RingSpot(399).jpg,nan,0.412236,0.462881,0.326071,0.54414,0.194214,0.046906,0.889921
RingSpot(4).jpg,nan,0.504743,0.426989,0.236054,0.538793,0.104614,0.033598,0.837562
RingSpot(40).jpg,nan,0.525865,0.428764,0.21217,0.598974,0.066467,0.038948,0.849859
RingSpot(400).jpg,nan,0.422429,0.460462,0.324366,0.560269,0.162598,0.044177,0.882904
RingSpot(401).jpg,nan,0.40408,0.486223,0.277531,0.642221,0.208374,0.070461,0.958332
RingSpot(402).jpg,nan,0.448159,0.416557,0.359132,0.451789,0.181335,0.043652,0.868707
RingSpot(403).jpg,nan,0.435559,0.423668,0.348942,0.487322,0.171814,0.040587,0.875024
RingSpot(404).jpg,nan,0.385847,0.423269,0.397183,0.600166,0.160461,0.038889,0.853447
RingSpot(405).jpg,nan,0.473677,0.503447,0.25485,0.637458,0.266908,0.068332,0.936153
RingSpot(406).jpg,nan,0.434588,0.473238,0.281876,0.537143,0.216151,0.063529,0.93648
RingSpot(407).jpg,nan,0.482769,0.418161,0.359511,0.435202,0.162898,0.034832,0.874058
RingSpot(408).jpg,nan,0.454413,0.470631,0.264338,0.598989,0.200025,0.067941,0.950795
RingSpot(409).jpg,nan,0.44492,0.49207,0.275344,0.591834,0.247742,0.064434,0.943405
RingSpot(41).jpg,nan,0.456653,0.432307,0.2238,0.611865,0.134521,0.047238,0.889582
RingSpot(410).jpg,nan,0.479178,0.446143,0.280385,0.493578,0.196045,0.05577,0.93383
RingSpot(411).jpg,nan,0.49554,0.423353,0.295309,0.429569,0.198303,0.048338,0.900751
RingSpot(412).jpg,nan,0.483486,0.438996,0.253575,0.545947,0.0979,0.056546,0.939294
RingSpot(413).jpg,nan,0.437565,0.461677,0.28922,0.531609,0.22229,0.052017,0.908542
RingSpot(414).jpg,nan,0.391701,0.510832,0.261147,0.739179,0.219482,0.066522,0.912884
RingSpot(415).jpg,nan,0.409353,0.486409,0.252739,0.693201,0.219055,0.064937,0.917136
RingSpot(416).jpg,nan,0.425117,0.448303,0.275796,0.530465,0.183777,0.051975,0.926663
RingSpot(417).jpg,nan,0.430187,0.440708,0.272828,0.537732,0.144601,0.051589,0.909278
RingSpot(418).jpg,nan,0.453843,0.46325,0.265959,0.594262,0.154541,0.056885,0.928152
RingSpot(419).jpg,nan,0.447117,0.473646,0.267759,0.590374,0.184314,0.051524,0.911128
RingSpot(42).jpg,nan,0.510835,0.415796,0.214827,0.553612,0.120117,0.036656,0.86136
RingSpot(420).jpg,nan,0.407446,0.466574,0.259527,0.611337,0.135925,0.044219,0.875586
RingSpot(421).jpg,nan,0.448524,0.452779,0.281446,0.545806,0.104431,0.043117,0.900538
RingSpot(422).jpg,nan,0.426997,0.477456,0.262371,0.627096,0.155857,0.052513,0.905671
RingSpot(423).jpg,nan,0.460932,0.487205,0.268063,0.671725,0.159851,0.066978,0.933302
RingSpot(424).jpg,nan,0.462584,0.50625,0.239648,0.74433,0.181519,0.074772,0.952753
RingSpot(425).jpg,nan,0.458727,0.475274,0.245761,0.68078,0.158265,0.056931,0.894522
RingSpot(426).jpg,nan,0.397702,0.448336,0.285975,0.513637,0.222534,0.054062,0.904782
RingSpot(427).jpg,nan,0.452559,0.457575,0.236407,0.600067,0.228706,0.059006,0.909489
RingSpot(428).jpg,nan,0.348156,0.48563,0.288408,0.668108,0.190216,0.045011,0.868109
RingSpot(429).jpg,nan,0.459615,0.477703,0.24691,0.69152,0.193483,0.058955,0.922229
RingSpot(43).jpg,nan,0.521425,0.415785,0.213329,0.556239,0.075867,0.032409,0.811721
RingSpot(430).jpg,nan,0.454576,0.418584,0.250465,0.506102,0.132572,0.045659,0.898658
RingSpot(431).jpg,nan,0.431733,0.465775,0.250007,0.606133,0.186523,0.057007,0.923247
RingSpot(432).jpg,nan,0.481919,0.474124,0.233168,0.703235,0.173767,0.052809,0.884995
RingSpot(433).jpg,nan,0.470283,0.495175,0.227806,0.754036,0.215354,0.074168,0.940454
RingSpot(434).jpg,nan,0.47088,0.4587,0.254176,0.589855,0.193671,0.060071,0.919296
RingSpot(435).jpg,nan,0.480365,0.429539,0.254234,0.507216,0.127319,0.036874,0.873825
RingSpot(436).jpg,nan,0.420331,0.529574,0.262156,0.72625,0.239197,0.07083,0.941467
RingSpot(437).jpg,nan,0.498296,0.447444,0.329365,0.455443,0.220459,0.060296,0.929457
RingSpot(438).jpg,nan,0.440184,0.478808,0.276468,0.655205,0.185486,0.05843,0.915934
RingSpot(439).jpg,nan,0.496158,0.44476,0.245049,0.585592,0.192156,0.051851,0.908736
RingSpot(44).jpg,nan,0.472704,0.435528,0.225248,0.617571,0.11792,0.043344,0.883173
RingSpot(440).jpg,nan,0.466882,0.452626,0.248823,0.625451,0.153687,0.056107,0.921013
RingSpot(441).jpg,nan,0.499645,0.442728,0.260964,0.562444,0.163924,0.049265,0.895406
RingSpot(442).jpg,nan,0.448485,0.502989,0.233096,0.791309,0.253473,0.071659,0.936579
RingSpot(443).jpg,nan,0.448485,0.502989,0.233096,0.791309,0.253473,0.071659,0.936579
RingSpot(444).jpg,nan,0.482739,0.453778,0.232957,0.570851,0.239096,0.067317,0.928017
RingSpot(445).jpg,nan,0.482739,0.453778,0.232957,0.570851,0.239096,0.067317,0.928017
RingSpot(446).jpg,nan,0.442625,0.461711,0.240417,0.593345,0.248048,0.060865,0.937446
RingSpot(447).jpg,nan,0.442625,0.461711,0.240417,0.593345,0.248048,0.060865,0.937446
RingSpot(448).jpg,nan,0.483821,0.459659,0.229071,0.637516,0.193365,0.069919,0.905883
RingSpot(449).jpg,nan,0.483821,0.459659,0.229071,0.637516,0.193365,0.069919,0.905883
RingSpot(45).jpg,nan,0.452431,0.41564,0.229717,0.49138,0.074261,0.030227,0.834033
RingSpot(450).jpg,nan,0.438558,0.443503,0.228936,0.605758,0.217519,0.060262,0.928776
RingSpot(451).jpg,nan,0.438558,0.443503,0.228936,0.605758,0.217519,0.060262,0.928776
RingSpot(452).jpg,nan,0.388012,0.477029,0.314775,0.605148,0.156832,0.051262,0.885409
RingSpot(453).jpg,nan,0.388012,0.477029,0.314775,0.605148,0.156832,0.051262,0.885409
RingSpot(454).jpg,nan,0.436047,0.466865,0.286992,0.588085,0.169189,0.051965,0.909102
RingSpot(455).jpg,nan,0.466969,0.46379,0.304093,0.490319,0.21063,0.061708,0.944034
RingSpot(456).jpg,nan,0.438808,0.485888,0.273815,0.585117,0.237322,0.062559,0.946376
RingSpot(457).jpg,nan,0.462449,0.417934,0.262034,0.434932,0.215208,0.044633,0.904789
RingSpot(458).jpg,nan,0.472919,0.426117,0.256979,0.474019,0.189426,0.052858,0.910766
RingSpot(459).jpg,nan,0.552542,0.412654,0.225318,0.461201,0.161252,0.055625,0.905698
RingSpot(46).jpg,nan,0.45016,0.429633,0.228737,0.530885,0.099548,0.037567,0.872421
RingSpot(460).jpg,nan,0.552542,0.412654,0.225318,0.461201,0.161252,0.055625,0.905698
RingSpot(461).jpg,nan,0.451254,0.417777,0.235929,0.514539,0.172913,0.045173,0.89343
RingSpot(462).jpg,nan,0.451254,0.417777,0.235929,0.514539,0.172913,0.045173,0.89343
RingSpot(463).jpg,nan,0.503614,0.416398,0.258254,0.500719,0.147823,0.042003,0.865813
RingSpot(464).jpg,nan,0.503614,0.416398,0.258254,0.500719,0.147823,0.042003,0.865813
RingSpot(465).jpg,nan,0.448594,0.465121,0.268018,0.559577,0.266179,0.068415,0.951789
RingSpot(466).jpg,nan,0.448594,0.465121,0.268018,0.559577,0.266179,0.068415,0.951789
RingSpot(467).jpg,nan,0.460733,0.408399,0.278493,0.382931,0.180298,0.044253,0.897012
RingSpot(468).jpg,nan,0.460733,0.408399,0.278493,0.382931,0.180298,0.044253,0.897012
RingSpot(469).jpg,nan,0.422325,0.432317,0.283785,0.505439,0.161776,0.034352,0.84548
RingSpot(47).jpg,nan,0.493499,0.405187,0.22389,0.453049,0.098572,0.039868,0.872565
RingSpot(470).jpg,nan,0.422325,0.432317,0.283785,0.505439,0.161776,0.034352,0.84548
RingSpot(471).jpg,nan,0.394672,0.440946,0.282375,0.551084,0.16485,0.03571,0.853032
RingSpot(472).jpg,nan,0.406703,0.421191,0.327321,0.4134,0.107746,0.027234,0.837214
RingSpot(473).jpg,nan,0.43083,0.441917,0.293118,0.503464,0.177577,0.04689,0.89714
RingSpot(474).jpg,nan,0.43083,0.441917,0.293118,0.503464,0.177577,0.04689,0.89714
RingSpot(475).jpg,nan,0.471278,0.434053,0.273647,0.488388,0.158386,0.046487,0.914367
RingSpot(476).jpg,nan,0.471278,0.434053,0.273647,0.488388,0.158386,0.046487,0.914367
RingSpot(477).jpg,nan,0.467113,0.437486,0.29007,0.485865,0.120636,0.035297,0.852811
RingSpot(478).jpg,nan,0.440135,0.466296,0.278655,0.574916,0.214355,0.055124,0.913536
RingSpot(479).jpg,nan,0.440135,0.466296,0.278655,0.574916,0.214355,0.055124,0.913536
RingSpot(48).jpg,nan,0.512454,0.39667,0.205772,0.474019,0.063981,0.021634,0.781334
RingSpot(480).jpg,nan,0.42893,0.45036,0.286358,0.49578,0.208264,0.053531,0.93027
RingSpot(481).jpg,nan,0.42893,0.45036,0.286358,0.49578,0.208264,0.053531,0.93027
RingSpot(482).jpg,nan,0.456124,0.488948,0.255481,0.699917,0.168801,0.05713,0.877823
RingSpot(483).jpg,nan,0.456124,0.488948,0.255481,0.699917,0.168801,0.05713,0.877823
RingSpot(484).jpg,nan,0.440622,0.468572,0.257015,0.635281,0.192144,0.050851,0.887012
RingSpot(485).jpg,nan,0.440622,0.468572,0.257015,0.635281,0.192144,0.050851,0.887012
RingSpot(486).jpg,nan,0.380107,0.472671,0.298255,0.633141,0.164211,0.040966,0.857829
RingSpot(487).jpg,nan,0.380107,0.472671,0.298255,0.633141,0.164211,0.040966,0.857829
RingSpot(488).jpg,nan,0.39237,0.472648,0.296721,0.569551,0.284833,0.05604,0.926366
RingSpot(489).jpg,nan,0.39237,0.472648,0.296721,0.569551,0.284833,0.05604,0.926366
RingSpot(49).jpg,nan,0.519745,0.422293,0.228741,0.518822,0.047043,0.028098,0.809486
RingSpot(490).jpg,nan,0.458732,0.435556,0.281383,0.449199,0.226685,0.049985,0.915406
RingSpot(491).jpg,nan,0.418371,0.449304,0.262463,0.573776,0.115173,0.041613,0.890635
RingSpot(492).jpg,nan,0.52144,0.397044,0.279246,0.35643,0.159465,0.041868,0.914286
RingSpot(493).jpg,nan,0.52144,0.397044,0.279246,0.35643,0.159465,0.041868,0.914286
RingSpot(494).jpg,nan,0.445098,0.45782,0.278506,0.537564,0.197144,0.052579,0.916032
RingSpot(495).jpg,nan,0.445098,0.45782,0.278506,0.537564,0.197144,0.052579,0.916032
RingSpot(496).jpg,nan,0.422944,0.476367,0.229251,0.799398,0.231201,0.058264,0.880075
RingSpot(497).jpg,nan,0.52123,0.380525,0.23095,0.315901,0.182117,0.057301,0.938524
RingSpot(498).jpg,nan,0.52123,0.380525,0.23095,0.315901,0.182117,0.057301,0.938524
RingSpot(499).jpg,nan,0.533985,0.381802,0.233201,0.33041,0.209038,0.058243,0.939398
RingSpot(5).jpg,nan,0.521006,0.421821,0.210957,0.577928,0.082397,0.030282,0.812049
RingSpot(50).jpg,nan,0.494679,0.429035,0.219939,0.568234,0.041199,0.032458,0.846968
RingSpot(500).jpg,nan,0.533985,0.381802,0.233201,0.33041,0.209038,0.058243,0.939398
RingSpot(501).jpg,nan,0.487116,0.434127,0.240968,0.584721,0.1818,0.055026,0.928525
RingSpot(502).jpg,nan,0.487116,0.434127,0.240968,0.584721,0.1818,0.055026,0.928525
RingSpot(503).jpg,nan,0.476282,0.399265,0.231039,0.432835,0.158605,0.052412,0.943326
RingSpot(504).jpg,nan,0.476282,0.399265,0.231039,0.432835,0.158605,0.052412,0.943326
RingSpot(505).jpg,nan,0.486811,0.460727,0.339137,0.50881,0.225769,0.050022,0.899667
RingSpot(506).jpg,nan,0.486811,0.460727,0.339137,0.50881,0.225769,0.050022,0.899667
RingSpot(507).jpg,nan,0.431604,0.423394,0.287048,0.445508,0.160889,0.040976,0.845538
RingSpot(508).jpg,nan,0.431604,0.423394,0.287048,0.445508,0.160889,0.040976,0.845538
RingSpot(509).jpg,nan,0.517223,0.49085,0.218634,0.764172,0.162537,0.089113,0.960565
RingSpot(51).jpg,nan,0.493142,0.426929,0.220751,0.554332,0.052124,0.033885,0.825885
RingSpot(510).jpg,nan,0.449648,0.491045,0.24462,0.705766,0.147888,0.061951,0.914072
RingSpot(511).jpg,nan,0.505589,0.501325,0.243881,0.655563,0.184082,0.077161,0.960981
RingSpot(512).jpg,nan,0.505589,0.501325,0.243881,0.655563,0.184082,0.077161,0.960981
RingSpot(513).jpg,nan,0.538596,0.471389,0.207975,0.728236,0.190334,0.087913,0.963109
RingSpot(514).jpg,nan,0.538596,0.471389,0.207975,0.728236,0.190334,0.087913,0.963109
RingSpot(515).jpg,nan,0.511448,0.471782,0.247105,0.624208,0.219482,0.067294,0.922302
RingSpot(516).jpg,nan,0.436339,0.437395,0.274522,0.518721,0.141479,0.037471,0.861322
RingSpot(517).jpg,nan,0.436339,0.437395,0.274522,0.518721,0.141479,0.037471,0.861322
RingSpot(518).jpg,nan,0.488254,0.426355,0.277867,0.501256,0.089164,0.040447,0.905316
RingSpot(519).jpg,nan,0.488254,0.426355,0.277867,0.501256,0.089164,0.040447,0.905316
RingSpot(52).jpg,nan,0.504279,0.419164,0.225991,0.523967,0.070435,0.029084,0.841169
RingSpot(520).jpg,nan,0.452292,0.426389,0.329779,0.428186,0.081177,0.024257,0.827384
RingSpot(521).jpg,nan,0.452292,0.426389,0.329779,0.428186,0.081177,0.024257,0.827384
RingSpot(522).jpg,nan,0.369637,0.444809,0.311217,0.548636,0.138593,0.039362,0.851739
RingSpot(523).jpg,nan,0.369637,0.444809,0.311217,0.548636,0.138593,0.039362,0.851739
RingSpot(524).jpg,nan,0.500254,0.431857,0.279266,0.482015,0.083252,0.03337,0.844322
RingSpot(525).jpg,nan,0.500254,0.431857,0.279266,0.482015,0.083252,0.03337,0.844322
RingSpot(526).jpg,nan,0.494637,0.401543,0.416164,0.456698,0.147095,0.03318,0.856407
RingSpot(527).jpg,nan,0.494637,0.401543,0.416164,0.456698,0.147095,0.03318,0.856407
RingSpot(528).jpg,nan,0.475464,0.425324,0.386818,0.478061,0.108887,0.038529,0.866798
RingSpot(529).jpg,nan,0.498632,0.398284,0.417784,0.463174,0.159485,0.039726,0.856178
RingSpot(53).jpg,nan,0.506695,0.424879,0.214232,0.567234,0.05011,0.030969,0.815655
RingSpot(530).jpg,nan,0.430346,0.41009,0.383846,0.508912,0.145813,0.042302,0.873912
RingSpot(531).jpg,nan,0.430346,0.41009,0.383846,0.508912,0.145813,0.042302,0.873912
RingSpot(532).jpg,nan,0.538324,0.380681,0.407548,0.323766,0.099749,0.02055,0.813906
RingSpot(533).jpg,nan,0.538324,0.380681,0.407548,0.323766,0.099749,0.02055,0.813906
RingSpot(54).jpg,nan,0.520403,0.428447,0.213105,0.594443,0.042175,0.029821,0.776617
RingSpot(55).jpg,nan,0.521308,0.429471,0.213947,0.59355,0.040344,0.02953,0.781884
RingSpot(56).jpg,nan,0.519536,0.424227,0.218083,0.552785,0.045288,0.024924,0.753437
RingSpot(57).jpg,nan,0.511989,0.406951,0.220713,0.47047,0.053711,0.021533,0.78665
RingSpot(58).jpg,nan,0.489917,0.419919,0.213741,0.547214,0.071655,0.029864,0.815355
RingSpot(59).jpg,nan,0.489797,0.42546,0.235486,0.539466,0.111328,0.044673,0.881472
RingSpot(6).jpg,nan,0.458244,0.434918,0.229319,0.598933,0.082153,0.030869,0.821187
RingSpot(60).jpg,nan,0.494875,0.411358,0.235055,0.480258,0.123535,0.028683,0.830906
RingSpot(61).jpg,nan,0.495056,0.401991,0.23877,0.428892,0.107475,0.024238,0.813823
RingSpot(62).jpg,nan,0.479834,0.401427,0.223035,0.478993,0.118408,0.039994,0.870356
RingSpot(63).jpg,nan,0.485461,0.407845,0.236859,0.462892,0.11462,0.024475,0.815396
RingSpot(64).jpg,nan,0.462672,0.410959,0.238301,0.473363,0.132729,0.032565,0.862994
RingSpot(65).jpg,nan,0.455189,0.470755,0.219416,0.701974,0.14917,0.047043,0.838319
RingSpot(66).jpg,nan,0.500287,0.418112,0.236329,0.488229,0.067349,0.022786,0.783317
RingSpot(67).jpg,nan,0.511759,0.446836,0.210968,0.7058,0.096008,0.050404,0.870765
RingSpot(68).jpg,nan,0.472911,0.422293,0.227154,0.565982,0.116283,0.031481,0.850165
RingSpot(69).jpg,nan,0.507077,0.416879,0.226103,0.504483,0.060119,0.022378,0.775857
RingSpot(7).jpg,nan,0.487079,0.42346,0.216844,0.558462,0.137268,0.039674,0.862696
RingSpot(70).jpg,nan,0.46457,0.425096,0.231993,0.540574,0.114441,0.038935,0.873276
RingSpot(71).jpg,nan,0.478932,0.403916,0.223842,0.469845,0.112575,0.031903,0.863657
RingSpot(72).jpg,nan,0.443695,0.442881,0.23712,0.585046,0.093435,0.032477,0.819726
RingSpot(73).jpg,nan,0.491182,0.422456,0.231018,0.520778,0.080971,0.024384,0.784855
RingSpot(74).jpg,nan,0.499424,0.427872,0.231109,0.544303,0.061262,0.026913,0.783063
RingSpot(75).jpg,nan,0.504521,0.430655,0.238271,0.525691,0.042917,0.020997,0.743832
RingSpot(76).jpg,nan,0.511428,0.445562,0.206328,0.725982,0.078758,0.044899,0.8387
RingSpot(77).jpg,nan,0.473674,0.455277,0.211915,0.741662,0.101013,0.048841,0.875944
RingSpot(78).jpg,nan,0.501126,0.447841,0.223848,0.669895,0.092224,0.042832,0.857759
RingSpot(79).jpg,nan,0.512982,0.438264,0.22459,0.625513,0.085409,0.041831,0.856954
RingSpot(8).jpg,nan,0.449412,0.433732,0.227754,0.559983,0.092651,0.039085,0.846753
RingSpot(80).jpg,nan,0.51349,0.417207,0.287164,0.4174,0.077917,0.021765,0.78505
RingSpot(81).jpg,nan,0.497558,0.431699,0.227319,0.55462,0.067993,0.027266,0.796527
RingSpot(82).jpg,nan,0.51278,0.411814,0.215515,0.51602,0.079346,0.033078,0.822492
RingSpot(83).jpg,nan,0.468712,0.435809,0.224527,0.61335,0.18988,0.048932,0.873817
RingSpot(84).jpg,nan,0.530441,0.411121,0.214092,0.515532,0.086412,0.030879,0.822733
RingSpot(85).jpg,nan,0.491552,0.414425,0.21255,0.54957,0.106689,0.035907,0.849879
RingSpot(86).jpg,nan,0.507947,0.424838,0.227134,0.552362,0.087955,0.034312,0.83567
RingSpot(87).jpg,nan,0.520267,0.419234,0.213859,0.572353,0.077881,0.033908,0.820837
RingSpot(88).jpg,nan,0.517774,0.420424,0.208275,0.575724,0.06958,0.033958,0.831011
RingSpot(89).jpg,nan,0.483532,0.430583,0.227544,0.565414,0.070557,0.031574,0.840397
RingSpot(9).jpg,nan,0.510909,0.435739,0.206176,0.67047,0.112976,0.049045,0.851834
RingSpot(90).jpg,nan,0.449182,0.417458,0.231032,0.516475,0.088659,0.045238,0.908052
RingSpot(91).jpg,nan,0.506616,0.430243,0.233994,0.538269,0.059007,0.029524,0.826417
RingSpot(92).jpg,nan,0.510786,0.419392,0.210017,0.566994,0.080881,0.034637,0.836046
RingSpot(93).jpg,nan,0.512981,0.420759,0.214504,0.558172,0.069241,0.033758,0.835754
RingSpot(94).jpg,nan,0.529068,0.404775,0.204319,0.505392,0.079956,0.035588,0.858335
RingSpot(95).jpg,nan,0.513914,0.410615,0.214858,0.521433,0.1203,0.033969,0.851666
RingSpot(96).jpg,nan,0.525863,0.416959,0.21454,0.554665,0.095215,0.039451,0.854828
RingSpot(97).jpg,nan,0.518376,0.436368,0.211847,0.655058,0.089864,0.046886,0.837666
RingSpot(98).jpg,nan,0.458404,0.455518,0.267894,0.609267,0.136108,0.045596,0.887438
RingSpot(99).jpg,nan,0.525125,0.437583,0.202469,0.688891,0.059448,0.042134,0.801978
