filename,label
Healthy(1).jpg,Healthy
Healthy(10).jpg,Healthy
Healthy(100).jpg,Healthy
Healthy(101).jpg,Healthy
Healthy(102).jpg,Healthy
Healthy(103).jpg,Healthy
Healthy(104).jpg,Healthy
Healthy(105).jpg,Healthy
Healthy(106).jpg,Healthy
Healthy(107).jpg,Healthy
Healthy(108).jpg,Healthy
Healthy(109).jpg,Healthy
Healthy(11).jpg,Healthy
Healthy(110).jpg,Healthy
Healthy(111).jpg,Healthy
Healthy(112).jpg,Healthy
Healthy(113).jpg,Healthy
Healthy(114).jpg,Healthy
Healthy(115).jpg,Healthy
Healthy(116).jpg,Healthy
Healthy(117).jpg,Healthy
Healthy(118).jpg,Healthy
Healthy(119).jpg,Healthy
Healthy(12).jpg,Healthy
Healthy(120).jpg,Healthy
Healthy(121).jpg,Healthy
Healthy(122).jpg,Healthy
Healthy(123).jpg,Healthy
Healthy(124).jpg,Healthy
Healthy(125).jpg,Healthy
Healthy(126).jpg,Healthy
Healthy(127).jpg,Healthy
Healthy(128).jpg,Healthy
Healthy(129).jpg,Healthy
Healthy(13).jpg,Healthy
Healthy(130).jpg,Healthy
Healthy(131).jpg,Healthy
Healthy(132).jpg,Healthy
Healthy(133).jpg,Healthy
Healthy(134).jpg,Healthy
Healthy(135).jpg,Healthy
Healthy(136).jpg,Healthy
Healthy(137).jpg,Healthy
Healthy(138).jpg,Healthy
Healthy(139).jpg,Healthy
Healthy(14).jpg,Healthy
Healthy(140).jpg,Healthy
Healthy(141).jpg,Healthy
Healthy(142).jpg,Healthy
Healthy(143).jpg,Healthy
Healthy(144).jpg,Healthy
Healthy(145).jpg,Healthy
Healthy(146).jpg,Healthy
Healthy(147).jpg,Healthy
Healthy(148).jpg,Healthy
Healthy(149).jpg,Healthy
Healthy(15).jpg,Healthy
Healthy(150).jpg,Healthy
Healthy(151).jpg,Healthy
Healthy(152).jpg,Healthy
Healthy(153).jpg,Healthy
Healthy(154).jpg,Healthy
Healthy(155).jpg,Healthy
Healthy(156).jpg,Healthy
Healthy(157).jpg,Healthy
Healthy(158).jpg,Healthy
Healthy(159).jpg,Healthy
Healthy(16).jpg,Healthy
Healthy(160).jpg,Healthy
Healthy(161).jpg,Healthy
Healthy(162).jpg,Healthy
Healthy(163).jpg,Healthy
Healthy(164).jpg,Healthy
Healthy(165).jpg,Healthy
Healthy(166).jpg,Healthy
Healthy(167).jpg,Healthy
Healthy(168).jpg,Healthy
Healthy(169).jpg,Healthy
Healthy(17).jpg,Healthy
Healthy(170).jpg,Healthy
Healthy(171).jpg,Healthy
Healthy(172).jpg,Healthy
Healthy(173).jpg,Healthy
Healthy(174).jpg,Healthy
Healthy(175).jpg,Healthy
Healthy(176).jpg,Healthy
Healthy(177).jpg,Healthy
Healthy(178).jpg,Healthy
Healthy(179).jpg,Healthy
Healthy(18).jpg,Healthy
Healthy(180).jpg,Healthy
Healthy(181).jpg,Healthy
Healthy(182).jpg,Healthy
Healthy(183).jpg,Healthy
Healthy(184).jpg,Healthy
Healthy(185).jpg,Healthy
Healthy(186).jpg,Healthy
Healthy(187).jpg,Healthy
Healthy(188).jpg,Healthy
Healthy(189).jpg,Healthy
Healthy(19).jpg,Healthy
Healthy(190).jpg,Healthy
Healthy(191).jpg,Healthy
Healthy(192).jpg,Healthy
Healthy(193).jpg,Healthy
Healthy(194).jpg,Healthy
Healthy(195).jpg,Healthy
Healthy(196).jpg,Healthy
Healthy(197).jpg,Healthy
Healthy(198).jpg,Healthy
Healthy(199).jpg,Healthy
Healthy(2).jpg,Healthy
Healthy(20).jpg,Healthy
Healthy(200).jpg,Healthy
Healthy(201).jpg,Healthy
Healthy(202).jpg,Healthy
Healthy(203).jpg,Healthy
Healthy(204).jpg,Healthy
Healthy(205).jpg,Healthy
Healthy(206).jpg,Healthy
Healthy(207).jpg,Healthy
Healthy(208).jpg,Healthy
Healthy(209).jpg,Healthy
Healthy(21).jpg,Healthy
Healthy(210).jpg,Healthy
Healthy(211).jpg,Healthy
Healthy(212).jpg,Healthy
Healthy(213).jpg,Healthy
Healthy(214).jpg,Healthy
Healthy(215).jpg,Healthy
Healthy(216).jpg,Healthy
Healthy(217).jpg,Healthy
Healthy(218).jpg,Healthy
Healthy(219).jpg,Healthy
Healthy(22).jpg,Healthy
Healthy(220).jpg,Healthy
Healthy(221).jpg,Healthy
Healthy(222).jpg,Healthy
Healthy(223).jpg,Healthy
Healthy(224).jpg,Healthy
Healthy(225).jpg,Healthy
Healthy(226).jpg,Healthy
Healthy(227).jpg,Healthy
Healthy(228).jpg,Healthy
Healthy(23).jpg,Healthy
Healthy(24).jpg,Healthy
Healthy(25).jpg,Healthy
Healthy(26).jpg,Healthy
Healthy(27).jpg,Healthy
Healthy(28).jpg,Healthy
Healthy(29).jpg,Healthy
Healthy(3).jpg,Healthy
Healthy(30).jpg,Healthy
Healthy(31).jpg,Healthy
Healthy(32).jpg,Healthy
Healthy(33).jpg,Healthy
Healthy(34).jpg,Healthy
Healthy(35).jpg,Healthy
Healthy(36).jpg,Healthy
Healthy(37).jpg,Healthy
Healthy(38).jpg,Healthy
Healthy(39).jpg,Healthy
Healthy(4).jpg,Healthy
Healthy(40).jpg,Healthy
Healthy(41).jpg,Healthy
Healthy(42).jpg,Healthy
Healthy(43).jpg,Healthy
Healthy(44).jpg,Healthy
Healthy(45).jpg,Healthy
Healthy(46).jpg,Healthy
Healthy(47).jpg,Healthy
Healthy(48).jpg,Healthy
Healthy(49).jpg,Healthy
Healthy(5).jpg,Healthy
Healthy(50).jpg,Healthy
Healthy(51).jpg,Healthy
Healthy(52).jpg,Healthy
Healthy(53).jpg,Healthy
Healthy(54).jpg,Healthy
Healthy(55).jpg,Healthy
Healthy(56).jpg,Healthy
Healthy(57).jpg,Healthy
Healthy(58).jpg,Healthy
Healthy(59).jpg,Healthy
Healthy(6).jpg,Healthy
Healthy(60).jpg,Healthy
Healthy(61).jpg,Healthy
Healthy(62).jpg,Healthy
Healthy(63).jpg,Healthy
Healthy(64).jpg,Healthy
Healthy(65).jpg,Healthy
Healthy(66).jpg,Healthy
Healthy(67).jpg,Healthy
Healthy(68).jpg,Healthy
Healthy(69).jpg,Healthy
Healthy(7).jpg,Healthy
Healthy(70).jpg,Healthy
Healthy(71).jpg,Healthy
Healthy(72).jpg,Healthy
Healthy(73).jpg,Healthy
Healthy(74).jpg,Healthy
Healthy(75).jpg,Healthy
Healthy(76).jpg,Healthy
Healthy(77).jpg,Healthy
Healthy(78).jpg,Healthy
Healthy(79).jpg,Healthy
Healthy(8).jpg,Healthy
Healthy(80).jpg,Healthy
Healthy(81).jpg,Healthy
Healthy(82).jpg,Healthy
Healthy(83).jpg,Healthy
Healthy(84).jpg,Healthy
Healthy(85).jpg,Healthy
Healthy(86).jpg,Healthy
Healthy(87).jpg,Healthy
Healthy(88).jpg,Healthy
Healthy(89).jpg,Healthy
Healthy(9).jpg,Healthy
Healthy(90).jpg,Healthy
Healthy(91).jpg,Healthy
Healthy(92).jpg,Healthy
Healthy(93).jpg,Healthy
Healthy(94).jpg,Healthy
Healthy(95).jpg,Healthy
Healthy(96).jpg,Healthy
Healthy(97).jpg,Healthy
Healthy(98).jpg,Healthy
Healthy(99).jpg,Healthy
RingSpot(1).jpg,Diseased
RingSpot(10).jpg,Diseased
RingSpot(100).jpg,Diseased
RingSpot(101).jpg,Diseased
RingSpot(102).jpg,Diseased
RingSpot(103).jpg,Diseased
RingSpot(104).jpg,Diseased
RingSpot(105).jpg,Diseased
RingSpot(106).jpg,Diseased
RingSpot(107).jpg,Diseased
RingSpot(108).jpg,Diseased
RingSpot(109).jpg,Diseased
RingSpot(11).jpg,Diseased
RingSpot(110).jpg,Diseased
RingSpot(111).jpg,Diseased
RingSpot(112).jpg,Diseased
RingSpot(113).jpg,Diseased
RingSpot(114).jpg,Diseased
RingSpot(115).jpg,Diseased
RingSpot(116).jpg,Diseased
RingSpot(117).jpg,Diseased
RingSpot(118).jpg,Diseased
RingSpot(119).jpg,Diseased
RingSpot(12).jpg,Diseased
RingSpot(120).jpg,Diseased
RingSpot(121).jpg,Diseased
RingSpot(122).jpg,Diseased
RingSpot(123).jpg,Diseased
RingSpot(124).jpg,Diseased
RingSpot(125).jpg,Diseased
RingSpot(126).jpg,Diseased
RingSpot(127).jpg,Diseased
RingSpot(128).jpg,Diseased
RingSpot(129).jpg,Diseased
RingSpot(13).jpg,Diseased
RingSpot(130).jpg,Diseased
RingSpot(131).jpg,Diseased
RingSpot(132).jpg,Diseased
RingSpot(133).jpg,Diseased
RingSpot(134).jpg,Diseased
RingSpot(135).jpg,Diseased
RingSpot(136).jpg,Diseased
RingSpot(137).jpg,Diseased
RingSpot(138).jpg,Diseased
RingSpot(139).jpg,Diseased
RingSpot(14).jpg,Diseased
RingSpot(140).jpg,Diseased
RingSpot(141).jpg,Diseased
RingSpot(142).jpg,Diseased
RingSpot(143).jpg,Diseased
RingSpot(144).jpg,Diseased
RingSpot(145).jpg,Diseased
RingSpot(146).jpg,Diseased
RingSpot(147).jpg,Diseased
RingSpot(148).jpg,Diseased
RingSpot(149).jpg,Diseased
RingSpot(15).jpg,Diseased
RingSpot(150).jpg,Diseased
RingSpot(151).jpg,Diseased
RingSpot(152).jpg,Diseased
RingSpot(153).jpg,Diseased
RingSpot(154).jpg,Diseased
RingSpot(155).jpg,Diseased
RingSpot(156).jpg,Diseased
RingSpot(157).jpg,Diseased
RingSpot(158).jpg,Diseased
RingSpot(159).jpg,Diseased
RingSpot(16).jpg,Diseased
RingSpot(160).jpg,Diseased
RingSpot(161).jpg,Diseased
RingSpot(162).jpg,Diseased
RingSpot(163).jpg,Diseased
RingSpot(164).jpg,Diseased
RingSpot(165).jpg,Diseased
RingSpot(166).jpg,Diseased
RingSpot(167).jpg,Diseased
RingSpot(168).jpg,Diseased
RingSpot(169).jpg,Diseased
RingSpot(17).jpg,Diseased
RingSpot(170).jpg,Diseased
RingSpot(171).jpg,Diseased
RingSpot(172).jpg,Diseased
RingSpot(173).jpg,Diseased
RingSpot(174).jpg,Diseased
RingSpot(175).jpg,Diseased
RingSpot(176).jpg,Diseased
RingSpot(177).jpg,Diseased
RingSpot(178).jpg,Diseased
RingSpot(179).jpg,Diseased
RingSpot(18).jpg,Diseased
RingSpot(180).jpg,Diseased
RingSpot(181).jpg,Diseased
RingSpot(182).jpg,Diseased
RingSpot(183).jpg,Diseased
RingSpot(184).jpg,Diseased
RingSpot(185).jpg,Diseased
RingSpot(186).jpg,Diseased
RingSpot(187).jpg,Diseased
RingSpot(188).jpg,Diseased
RingSpot(189).jpg,Diseased
RingSpot(19).jpg,Diseased
RingSpot(190).jpg,Diseased
RingSpot(191).jpg,Diseased
RingSpot(192).jpg,Diseased
RingSpot(193).jpg,Diseased
RingSpot(194).jpg,Diseased
RingSpot(195).jpg,Diseased
RingSpot(196).jpg,Diseased
RingSpot(197).jpg,Diseased
RingSpot(198).jpg,Diseased
RingSpot(199).jpg,Diseased
RingSpot(2).jpg,Diseased
RingSpot(20).jpg,Diseased
RingSpot(200).jpg,Diseased
RingSpot(201).jpg,Diseased
RingSpot(202).jpg,Diseased
RingSpot(203).jpg,Diseased
RingSpot(204).jpg,Diseased
RingSpot(205).jpg,Diseased
RingSpot(206).jpg,Diseased
RingSpot(207).jpg,Diseased
RingSpot(208).jpg,Diseased
RingSpot(209).jpg,Diseased
RingSpot(21).jpg,Diseased
RingSpot(210).jpg,Diseased
RingSpot(211).jpg,Diseased
RingSpot(212).jpg,Diseased
RingSpot(213).jpg,Diseased
RingSpot(214).jpg,Diseased
RingSpot(215).jpg,Diseased
RingSpot(216).jpg,Diseased
RingSpot(217).jpg,Diseased
RingSpot(218).jpg,Diseased
RingSpot(219).jpg,Diseased
RingSpot(22).jpg,Diseased
RingSpot(220).jpg,Diseased
RingSpot(221).jpg,Diseased
RingSpot(222).jpg,Diseased
RingSpot(223).jpg,Diseased
RingSpot(224).jpg,Diseased
RingSpot(225).jpg,Diseased
RingSpot(226).jpg,Diseased
RingSpot(227).jpg,Diseased
RingSpot(228).jpg,Diseased
RingSpot(229).jpg,Diseased
RingSpot(23).jpg,Diseased
RingSpot(230).jpg,Diseased
RingSpot(231).jpg,Diseased
RingSpot(232).jpg,Diseased
RingSpot(233).jpg,Diseased
RingSpot(234).jpg,Diseased
RingSpot(235).jpg,Diseased
RingSpot(236).jpg,Diseased
RingSpot(237).jpg,Diseased
RingSpot(238).jpg,Diseased
RingSpot(239).jpg,Diseased
RingSpot(24).jpg,Diseased
RingSpot(240).jpg,Diseased
RingSpot(241).jpg,Diseased
RingSpot(242).jpg,Diseased
RingSpot(243).jpg,Diseased
RingSpot(244).jpg,Diseased
RingSpot(245).jpg,Diseased
RingSpot(246).jpg,Diseased
RingSpot(247).jpg,Diseased
RingSpot(248).jpg,Diseased
RingSpot(249).jpg,Diseased
RingSpot(25).jpg,Diseased
RingSpot(250).jpg,Diseased
RingSpot(251).jpg,Diseased
RingSpot(252).jpg,Diseased
RingSpot(253).jpg,Diseased
RingSpot(254).jpg,Diseased
RingSpot(255).jpg,Diseased
RingSpot(256).jpg,Diseased
RingSpot(257).jpg,Diseased
RingSpot(258).jpg,Diseased
RingSpot(259).jpg,Diseased
RingSpot(26).jpg,Diseased
RingSpot(260).jpg,Diseased
RingSpot(261).jpg,Diseased
RingSpot(262).jpg,Diseased
RingSpot(263).jpg,Diseased
RingSpot(264).jpg,Diseased
RingSpot(265).jpg,Diseased
RingSpot(266).jpg,Diseased
RingSpot(267).jpg,Diseased
RingSpot(268).jpg,Diseased
RingSpot(269).jpg,Diseased
RingSpot(27).jpg,Diseased
RingSpot(270).jpg,Diseased
RingSpot(271).jpg,Diseased
RingSpot(272).jpg,Diseased
RingSpot(273).jpg,Diseased
RingSpot(274).jpg,Diseased
RingSpot(275).jpg,Diseased
RingSpot(276).jpg,Diseased
RingSpot(277).jpg,Diseased
RingSpot(278).jpg,Diseased
RingSpot(279).jpg,Diseased
RingSpot(28).jpg,Diseased
RingSpot(280).jpg,Diseased
RingSpot(281).jpg,Diseased
RingSpot(282).jpg,Diseased
RingSpot(283).jpg,Diseased
RingSpot(284).jpg,Diseased
RingSpot(285).jpg,Diseased
RingSpot(286).jpg,Diseased
RingSpot(287).jpg,Diseased
RingSpot(288).jpg,Diseased
RingSpot(289).jpg,Diseased
RingSpot(29).jpg,Diseased
RingSpot(290).jpg,Diseased
RingSpot(291).jpg,Diseased
RingSpot(292).jpg,Diseased
RingSpot(293).jpg,Diseased
RingSpot(294).jpg,Diseased
RingSpot(295).jpg,Diseased
RingSpot(296).jpg,Diseased
RingSpot(297).jpg,Diseased
RingSpot(298).jpg,Diseased
RingSpot(299).jpg,Diseased
RingSpot(3).jpg,Diseased
RingSpot(30).jpg,Diseased
RingSpot(300).jpg,Diseased
RingSpot(301).jpg,Diseased
RingSpot(302).jpg,Diseased
RingSpot(303).jpg,Diseased
RingSpot(304).jpg,Diseased
RingSpot(305).jpg,Diseased
RingSpot(306).jpg,Diseased
RingSpot(307).jpg,Diseased
RingSpot(308).jpg,Diseased
RingSpot(309).jpg,Diseased
RingSpot(31).jpg,Diseased
RingSpot(310).jpg,Diseased
RingSpot(311).jpg,Diseased
RingSpot(312).jpg,Diseased
RingSpot(313).jpg,Diseased
RingSpot(314).jpg,Diseased
RingSpot(315).jpg,Diseased
RingSpot(316).jpg,Diseased
RingSpot(317).jpg,Diseased
RingSpot(318).jpg,Diseased
RingSpot(319).jpg,Diseased
RingSpot(32).jpg,Diseased
RingSpot(320).jpg,Diseased
RingSpot(321).jpg,Diseased
RingSpot(322).jpg,Diseased
RingSpot(323).jpg,Diseased
RingSpot(324).jpg,Diseased
RingSpot(325).jpg,Diseased
RingSpot(326).jpg,Diseased
RingSpot(327).jpg,Diseased
RingSpot(328).jpg,Diseased
RingSpot(329).jpg,Diseased
RingSpot(33).jpg,Diseased
RingSpot(330).jpg,Diseased
RingSpot(331).jpg,Diseased
RingSpot(332).jpg,Diseased
RingSpot(333).jpg,Diseased
RingSpot(334).jpg,Diseased
RingSpot(335).jpg,Diseased
RingSpot(336).jpg,Diseased
RingSpot(337).jpg,Diseased
RingSpot(338).jpg,Diseased
RingSpot(339).jpg,Diseased
RingSpot(34).jpg,Diseased
RingSpot(340).jpg,Diseased
RingSpot(341).jpg,Diseased
RingSpot(342).jpg,Diseased
RingSpot(343).jpg,Diseased
RingSpot(344).jpg,Diseased
RingSpot(345).jpg,Diseased
RingSpot(346).jpg,Diseased
RingSpot(347).jpg,Diseased
RingSpot(348).jpg,Diseased
RingSpot(349).jpg,Diseased
RingSpot(35).jpg,Diseased
RingSpot(350).jpg,Diseased
RingSpot(351).jpg,Diseased
RingSpot(352).jpg,Diseased
RingSpot(353).jpg,Diseased
RingSpot(354).jpg,Diseased
RingSpot(355).jpg,Diseased
RingSpot(356).jpg,Diseased
RingSpot(357).jpg,Diseased
RingSpot(358).jpg,Diseased
RingSpot(359).jpg,Diseased
RingSpot(36).jpg,Diseased
RingSpot(360).jpg,Diseased
RingSpot(361).jpg,Diseased
RingSpot(362).jpg,Diseased
RingSpot(363).jpg,Diseased
RingSpot(364).jpg,Diseased
RingSpot(365).jpg,Diseased
RingSpot(366).jpg,Diseased
RingSpot(367).jpg,Diseased
RingSpot(368).jpg,Diseased
RingSpot(369).jpg,Diseased
RingSpot(37).jpg,Diseased
RingSpot(370).jpg,Diseased
RingSpot(371).jpg,Diseased
RingSpot(372).jpg,Diseased
RingSpot(373).jpg,Diseased
RingSpot(374).jpg,Diseased
RingSpot(375).jpg,Diseased
RingSpot(376).jpg,Diseased
RingSpot(377).jpg,Diseased
RingSpot(378).jpg,Diseased
RingSpot(379).jpg,Diseased
RingSpot(38).jpg,Diseased
RingSpot(380).jpg,Diseased
RingSpot(381).jpg,Diseased
RingSpot(382).jpg,Diseased
RingSpot(383).jpg,Diseased
RingSpot(384).jpg,Diseased
RingSpot(385).jpg,Diseased
RingSpot(386).jpg,Diseased
RingSpot(387).jpg,Diseased
RingSpot(388).jpg,Diseased
RingSpot(389).jpg,Diseased
RingSpot(39).jpg,Diseased
RingSpot(390).jpg,Diseased
RingSpot(391).jpg,Diseased
RingSpot(392).jpg,Diseased
RingSpot(393).jpg,Diseased
RingSpot(394).jpg,Diseased
RingSpot(395).jpg,Diseased
RingSpot(396).jpg,Diseased
RingSpot(397).jpg,Diseased
RingSpot(398).jpg,Diseased
RingSpot(399).jpg,Diseased
RingSpot(4).jpg,Diseased
RingSpot(40).jpg,Diseased
RingSpot(400).jpg,Diseased
RingSpot(401).jpg,Diseased
RingSpot(402).jpg,Diseased
RingSpot(403).jpg,Diseased
RingSpot(404).jpg,Diseased
RingSpot(405).jpg,Diseased
RingSpot(406).jpg,Diseased
RingSpot(407).jpg,Diseased
RingSpot(408).jpg,Diseased
RingSpot(409).jpg,Diseased
RingSpot(41).jpg,Diseased
RingSpot(410).jpg,Diseased
RingSpot(411).jpg,Diseased
RingSpot(412).jpg,Diseased
RingSpot(413).jpg,Diseased
RingSpot(414).jpg,Diseased
RingSpot(415).jpg,Diseased
RingSpot(416).jpg,Diseased
RingSpot(417).jpg,Diseased
RingSpot(418).jpg,Diseased
RingSpot(419).jpg,Diseased
RingSpot(42).jpg,Diseased
RingSpot(420).jpg,Diseased
RingSpot(421).jpg,Diseased
RingSpot(422).jpg,Diseased
RingSpot(423).jpg,Diseased
RingSpot(424).jpg,Diseased
RingSpot(425).jpg,Diseased
RingSpot(426).jpg,Diseased
RingSpot(427).jpg,Diseased
RingSpot(428).jpg,Diseased
RingSpot(429).jpg,Diseased
RingSpot(43).jpg,Diseased
RingSpot(430).jpg,Diseased
RingSpot(431).jpg,Diseased
RingSpot(432).jpg,Diseased
RingSpot(433).jpg,Diseased
RingSpot(434).jpg,Diseased
RingSpot(435).jpg,Diseased
RingSpot(436).jpg,Diseased
RingSpot(437).jpg,Diseased
RingSpot(438).jpg,Diseased
RingSpot(439).jpg,Diseased
RingSpot(44).jpg,Diseased
RingSpot(440).jpg,Diseased
RingSpot(441).jpg,Diseased
RingSpot(442).jpg,Diseased
RingSpot(443).jpg,Diseased
RingSpot(444).jpg,Diseased
RingSpot(445).jpg,Diseased
RingSpot(446).jpg,Diseased
RingSpot(447).jpg,Diseased
RingSpot(448).jpg,Diseased
RingSpot(449).jpg,Diseased
RingSpot(45).jpg,Diseased
RingSpot(450).jpg,Diseased
RingSpot(451).jpg,Diseased
RingSpot(452).jpg,Diseased
RingSpot(453).jpg,Diseased
RingSpot(454).jpg,Diseased
RingSpot(455).jpg,Diseased
RingSpot(456).jpg,Diseased
RingSpot(457).jpg,Diseased
RingSpot(458).jpg,Diseased
RingSpot(459).jpg,Diseased
RingSpot(46).jpg,Diseased
RingSpot(460).jpg,Diseased
RingSpot(461).jpg,Diseased
RingSpot(462).jpg,Diseased
RingSpot(463).jpg,Diseased
RingSpot(464).jpg,Diseased
RingSpot(465).jpg,Diseased
RingSpot(466).jpg,Diseased
RingSpot(467).jpg,Diseased
RingSpot(468).jpg,Diseased
RingSpot(469).jpg,Diseased
RingSpot(47).jpg,Diseased
RingSpot(470).jpg,Diseased
RingSpot(471).jpg,Diseased
RingSpot(472).jpg,Diseased
RingSpot(473).jpg,Diseased
RingSpot(474).jpg,Diseased
RingSpot(475).jpg,Diseased
RingSpot(476).jpg,Diseased
RingSpot(477).jpg,Diseased
RingSpot(478).jpg,Diseased
RingSpot(479).jpg,Diseased
RingSpot(48).jpg,Diseased
RingSpot(480).jpg,Diseased
RingSpot(481).jpg,Diseased
RingSpot(482).jpg,Diseased
RingSpot(483).jpg,Diseased
RingSpot(484).jpg,Diseased
RingSpot(485).jpg,Diseased
RingSpot(486).jpg,Diseased
RingSpot(487).jpg,Diseased
RingSpot(488).jpg,Diseased
RingSpot(489).jpg,Diseased
RingSpot(49).jpg,Diseased
RingSpot(490).jpg,Diseased
RingSpot(491).jpg,Diseased
RingSpot(492).jpg,Diseased
RingSpot(493).jpg,Diseased
RingSpot(494).jpg,Diseased
RingSpot(495).jpg,Diseased
RingSpot(496).jpg,Diseased
RingSpot(497).jpg,Diseased
RingSpot(498).jpg,Diseased
RingSpot(499).jpg,Diseased
RingSpot(5).jpg,Diseased
RingSpot(50).jpg,Diseased
RingSpot(500).jpg,Diseased
RingSpot(501).jpg,Diseased
RingSpot(502).jpg,Diseased
RingSpot(503).jpg,Diseased
RingSpot(504).jpg,Diseased
RingSpot(505).jpg,Diseased
RingSpot(506).jpg,Diseased
RingSpot(507).jpg,Diseased
RingSpot(508).jpg,Diseased
RingSpot(509).jpg,Diseased
RingSpot(51).jpg,Diseased
RingSpot(510).jpg,Diseased
RingSpot(511).jpg,Diseased
RingSpot(512).jpg,Diseased
RingSpot(513).jpg,Diseased
RingSpot(514).jpg,Diseased
RingSpot(515).jpg,Diseased
RingSpot(516).jpg,Diseased
RingSpot(517).jpg,Diseased
RingSpot(518).jpg,Diseased
RingSpot(519).jpg,Diseased
RingSpot(52).jpg,Diseased
RingSpot(520).jpg,Diseased
RingSpot(521).jpg,Diseased
RingSpot(522).jpg,Diseased
RingSpot(523).jpg,Diseased
RingSpot(524).jpg,Diseased
RingSpot(525).jpg,Diseased
RingSpot(526).jpg,Diseased
RingSpot(527).jpg,Diseased
RingSpot(528).jpg,Diseased
RingSpot(529).jpg,Diseased
RingSpot(53).jpg,Diseased
RingSpot(530).jpg,Diseased
RingSpot(531).jpg,Diseased
RingSpot(532).jpg,Diseased
RingSpot(533).jpg,Diseased
RingSpot(54).jpg,Diseased
RingSpot(55).jpg,Diseased
RingSpot(56).jpg,Diseased
RingSpot(57).jpg,Diseased
RingSpot(58).jpg,Diseased
RingSpot(59).jpg,Diseased
RingSpot(6).jpg,Diseased
RingSpot(60).jpg,Diseased
RingSpot(61).jpg,Diseased
RingSpot(62).jpg,Diseased
RingSpot(63).jpg,Diseased
RingSpot(64).jpg,Diseased
RingSpot(65).jpg,Diseased
RingSpot(66).jpg,Diseased
RingSpot(67).jpg,Diseased
RingSpot(68).jpg,Diseased
RingSpot(69).jpg,Diseased
RingSpot(7).jpg,Diseased
RingSpot(70).jpg,Diseased
RingSpot(71).jpg,Diseased
RingSpot(72).jpg,Diseased
RingSpot(73).jpg,Diseased
RingSpot(74).jpg,Diseased
RingSpot(75).jpg,Diseased
RingSpot(76).jpg,Diseased
RingSpot(77).jpg,Diseased
RingSpot(78).jpg,Diseased
RingSpot(79).jpg,Diseased
RingSpot(8).jpg,Diseased
RingSpot(80).jpg,Diseased
RingSpot(81).jpg,Diseased
RingSpot(82).jpg,Diseased
RingSpot(83).jpg,Diseased
RingSpot(84).jpg,Diseased
RingSpot(85).jpg,Diseased
RingSpot(86).jpg,Diseased
RingSpot(87).jpg,Diseased
RingSpot(88).jpg,Diseased
RingSpot(89).jpg,Diseased
RingSpot(9).jpg,Diseased
RingSpot(90).jpg,Diseased
RingSpot(91).jpg,Diseased
RingSpot(92).jpg,Diseased
RingSpot(93).jpg,Diseased
RingSpot(94).jpg,Diseased
RingSpot(95).jpg,Diseased
RingSpot(96).jpg,Diseased
RingSpot(97).jpg,Diseased
RingSpot(98).jpg,Diseased
RingSpot(99).jpg,Diseased
